06849FF5-7B51-4C8D-897F-85A24198A2EA#appfire#SurveyQuestionGroupService#appfire#com.survey.app.server.service.SurveyQuestionGroupService#appfire#{"resourceMapping":"/SurveyQuestionGroup","defaultMethodType":"","defaultContentType":""}#appfire#{"repository":{"filePath":"surveyportal/src/main/java/com/survey/app/server/service/SurveyQuestionGroupService.java","fileName":"SurveyQuestionGroupService.java"},"implementInterface":[],"extendsClass":[],"repositories":[{"repository":{"filePath":"surveyportal/src/main/java/com/survey/app/server/repository/SurveyQuestionGroupRepositoryImpl.java","fileName":"SurveyQuestionGroupRepositoryImpl.java"},"implementInterface":[{"filePath":"surveyportal/src/main/java/com/survey/app/server/repository/SurveyQuestionGroupRepository.java","fileName":"SurveyQuestionGroupRepository.java"}],"extendsClass":[{"fileName":"SearchInterfaceImpl.java","filePath":"surveyportal/src/main/java/com/survey/app/server/repository/SearchInterfaceImpl.java","isDisplay":false}],"entities":{"filePath":"surveyportal/src/main/java/com/survey/app/shared/healthcare/SurveyQuestionGroup.java","fileName":"SurveyQuestionGroup.java"}}]}#appfire#I#appfire#VQK4MRE9BRI8PHVPZ5MG#appfire#ba9dced8-453e-49a3-b627-d497a1f91b17#appfire#1#appfire#\N#appfire#2015-11-19 11:40:28#appfire#\N#appfire#2015-11-19 11:40:28#appfire#1#appfire#1#appfire#9DAA1A40-33DB-4C80-B546-F9AC95A46523
06A7F1CA-ECD4-4D64-82C9-83DAF8F0EC95#appfire#PasswordPolicyService#appfire#com.survey.app.server.service.PasswordPolicyService#appfire#{"resourceMapping":"/PasswordPolicy","defaultMethodType":"","defaultContentType":""}#appfire#{"repository":{"filePath":"surveyportal/src/main/java/com/survey/app/server/service/PasswordPolicyService.java","fileName":"PasswordPolicyService.java"},"implementInterface":[],"extendsClass":[],"repositories":[{"repository":{"filePath":"surveyportal/src/main/java/com/survey/app/server/repository/PasswordPolicyRepositoryImpl.java","fileName":"PasswordPolicyRepositoryImpl.java"},"implementInterface":[{"filePath":"surveyportal/src/main/java/com/survey/app/server/repository/PasswordPolicyRepository.java","fileName":"PasswordPolicyRepository.java"}],"extendsClass":[{"fileName":"SearchInterfaceImpl.java","filePath":"surveyportal/src/main/java/com/survey/app/server/repository/SearchInterfaceImpl.java","isDisplay":false}],"entities":{"filePath":"surveyportal/src/main/java/com/survey/app/shared/authentication/PasswordPolicy.java","fileName":"PasswordPolicy.java"}}]}#appfire#I#appfire#VQK4MRE9BRI8PHVPZ5MG#appfire#ba9dced8-453e-49a3-b627-d497a1f91b17#appfire#1#appfire#\N#appfire#2015-11-18 23:15:29#appfire#\N#appfire#2015-11-18 23:15:29#appfire#1#appfire#1#appfire#4E84AFA5-4699-44B7-9A36-6AAF645DE1EB
07119EE1-25A9-4840-8AA5-7BF25A992729#appfire#AppCustomerService#appfire#com.survey.app.server.service.AppCustomerService#appfire#{"resourceMapping":"/AppCustomer","defaultMethodType":"","defaultContentType":""}#appfire#{"repository":{"filePath":"surveyportal/src/main/java/com/survey/app/server/service/AppCustomerService.java","fileName":"AppCustomerService.java"},"implementInterface":[],"extendsClass":[],"repositories":[{"repository":{"filePath":"surveyportal/src/main/java/com/survey/app/server/repository/AppCustomerRepositoryImpl.java","fileName":"AppCustomerRepositoryImpl.java"},"implementInterface":[{"filePath":"surveyportal/src/main/java/com/survey/app/server/repository/AppCustomerRepository.java","fileName":"AppCustomerRepository.java"}],"extendsClass":[{"fileName":"SearchInterfaceImpl.java","filePath":"surveyportal/src/main/java/com/survey/app/server/repository/SearchInterfaceImpl.java","isDisplay":false}],"entities":{"filePath":"surveyportal/src/main/java/com/survey/app/shared/customers/AppCustomer.java","fileName":"AppCustomer.java"}}]}#appfire#I#appfire#VQK4MRE9BRI8PHVPZ5MG#appfire#ba9dced8-453e-49a3-b627-d497a1f91b17#appfire#1#appfire#\N#appfire#2015-11-18 23:15:38#appfire#\N#appfire#2015-11-18 23:15:38#appfire#1#appfire#1#appfire#A2B9A897-2469-4F73-8040-26FEFEA7E6D7
0D235A7A-8B50-4A76-A2D8-995E79BCCEC0#appfire#BehaviouralReadlinessToChangesService#appfire#healthcontext.healthcare.service.BehaviouralReadlinessToChangesServiceWS#appfire#{"resourceMapping":"/BehaviouralReadlinessToChangesServiceWS","defaultMethodType":"","defaultContentType":""}#appfire#{"repository":{"filePath":"surveyportal/src/main/java/com/survey/app/server/service/healthcontext.healthcare.service.BehaviouralReadlinessToChangesServiceWS","fileName":"healthcontext.healthcare.service.BehaviouralReadlinessToChangesServiceWS"},"implementInterface":[],"extendsClass":[],"repositories":[{"repository":{},"implementInterface":[],"extendsClass":[],"entities":{}}]}#appfire#I#appfire#VQK4MRE9BRI8PHVPZ5MG#appfire#ba9dced8-453e-49a3-b627-d497a1f91b17#appfire#1#appfire#\N#appfire#2015-11-19 11:57:42#appfire#\N#appfire#2015-11-19 11:57:42#appfire#1#appfire#1#appfire#\N
12EF660F-8A6A-4F36-9F26-487D47D8984D#appfire#ContactTypeService#appfire#com.survey.app.server.service.ContactTypeService#appfire#{"resourceMapping":"/ContactType","defaultMethodType":"","defaultContentType":""}#appfire#{"repository":{"filePath":"surveyportal/src/main/java/com/survey/app/server/service/ContactTypeService.java","fileName":"ContactTypeService.java"},"implementInterface":[],"extendsClass":[],"repositories":[{"repository":{"filePath":"surveyportal/src/main/java/com/survey/app/server/repository/ContactTypeRepositoryImpl.java","fileName":"ContactTypeRepositoryImpl.java"},"implementInterface":[{"filePath":"surveyportal/src/main/java/com/survey/app/server/repository/ContactTypeRepository.java","fileName":"ContactTypeRepository.java"}],"extendsClass":[{"fileName":"SearchInterfaceImpl.java","filePath":"surveyportal/src/main/java/com/survey/app/server/repository/SearchInterfaceImpl.java","isDisplay":false}],"entities":{"filePath":"surveyportal/src/main/java/com/survey/app/shared/contacts/ContactType.java","fileName":"ContactType.java"}}]}#appfire#I#appfire#VQK4MRE9BRI8PHVPZ5MG#appfire#ba9dced8-453e-49a3-b627-d497a1f91b17#appfire#1#appfire#\N#appfire#2015-11-18 23:15:26#appfire#\N#appfire#2015-11-18 23:15:26#appfire#1#appfire#1#appfire#33977BC9-F9E9-4ABB-BF0E-035C7C2DF568
1A2F214F-DA26-4DBD-B218-27518782E417#appfire#LanguageService#appfire#com.survey.app.server.service.LanguageService#appfire#{"resourceMapping":"/Language","defaultMethodType":"","defaultContentType":""}#appfire#{"repository":{"filePath":"surveyportal/src/main/java/com/survey/app/server/service/LanguageService.java","fileName":"LanguageService.java"},"implementInterface":[],"extendsClass":[],"repositories":[{"repository":{"filePath":"surveyportal/src/main/java/com/survey/app/server/repository/LanguageRepositoryImpl.java","fileName":"LanguageRepositoryImpl.java"},"implementInterface":[{"filePath":"surveyportal/src/main/java/com/survey/app/server/repository/LanguageRepository.java","fileName":"LanguageRepository.java"}],"extendsClass":[{"fileName":"SearchInterfaceImpl.java","filePath":"surveyportal/src/main/java/com/survey/app/server/repository/SearchInterfaceImpl.java","isDisplay":false}],"entities":{"filePath":"surveyportal/src/main/java/com/survey/app/shared/location/Language.java","fileName":"Language.java"}}]}#appfire#I#appfire#VQK4MRE9BRI8PHVPZ5MG#appfire#ba9dced8-453e-49a3-b627-d497a1f91b17#appfire#1#appfire#\N#appfire#2015-11-18 23:15:20#appfire#\N#appfire#2015-11-18 23:15:20#appfire#1#appfire#1#appfire#8C72CC85-EB8C-4AD6-8E80-7A2781F049C8
2020DF82-7A0B-4655-BBAC-52BD43E307C8#appfire#CountryService#appfire#com.survey.app.server.service.CountryService#appfire#{"resourceMapping":"/Country","defaultMethodType":"","defaultContentType":""}#appfire#{"repository":{"filePath":"surveyportal/src/main/java/com/survey/app/server/service/CountryService.java","fileName":"CountryService.java"},"implementInterface":[],"extendsClass":[],"repositories":[{"repository":{"filePath":"surveyportal/src/main/java/com/survey/app/server/repository/CountryRepositoryImpl.java","fileName":"CountryRepositoryImpl.java"},"implementInterface":[{"filePath":"surveyportal/src/main/java/com/survey/app/server/repository/CountryRepository.java","fileName":"CountryRepository.java"}],"extendsClass":[{"fileName":"SearchInterfaceImpl.java","filePath":"surveyportal/src/main/java/com/survey/app/server/repository/SearchInterfaceImpl.java","isDisplay":false}],"entities":{"filePath":"surveyportal/src/main/java/com/survey/app/shared/location/Country.java","fileName":"Country.java"}}]}#appfire#I#appfire#VQK4MRE9BRI8PHVPZ5MG#appfire#ba9dced8-453e-49a3-b627-d497a1f91b17#appfire#1#appfire#\N#appfire#2015-11-18 23:15:20#appfire#\N#appfire#2015-11-18 23:15:20#appfire#1#appfire#1#appfire#37D22888-B9BE-4FE7-AE75-6A324B471812
21207CFE-225A-4E0D-ACE4-E5670CD2EAC1#appfire#RolesService#appfire#com.survey.app.server.service.RolesService#appfire#{"resourceMapping":"/Roles","defaultMethodType":"","defaultContentType":""}#appfire#{"repository":{"filePath":"surveyportal/src/main/java/com/survey/app/server/service/RolesService.java","fileName":"RolesService.java"},"implementInterface":[],"extendsClass":[],"repositories":[{"repository":{"filePath":"surveyportal/src/main/java/com/survey/app/server/repository/RolesRepositoryImpl.java","fileName":"RolesRepositoryImpl.java"},"implementInterface":[{"filePath":"surveyportal/src/main/java/com/survey/app/server/repository/RolesRepository.java","fileName":"RolesRepository.java"}],"extendsClass":[{"fileName":"SearchInterfaceImpl.java","filePath":"surveyportal/src/main/java/com/survey/app/server/repository/SearchInterfaceImpl.java","isDisplay":false}],"entities":{"filePath":"surveyportal/src/main/java/com/survey/app/shared/authorization/Roles.java","fileName":"Roles.java"}}]}#appfire#I#appfire#VQK4MRE9BRI8PHVPZ5MG#appfire#ba9dced8-453e-49a3-b627-d497a1f91b17#appfire#1#appfire#\N#appfire#2015-11-18 23:15:34#appfire#\N#appfire#2015-11-18 23:15:34#appfire#1#appfire#1#appfire#0D226881-7659-4587-9632-C77B437F43D5
23F11A81-C479-473A-8BB4-D728287DDDF8#appfire#VillageService#appfire#com.survey.app.server.service.VillageService#appfire#{"resourceMapping":"/Village","defaultMethodType":"","defaultContentType":""}#appfire#{"repository":{"filePath":"surveyportal/src/main/java/com/survey/app/server/service/VillageService.java","fileName":"VillageService.java"},"implementInterface":[],"extendsClass":[],"repositories":[{"repository":{"filePath":"surveyportal/src/main/java/com/survey/app/server/repository/VillageRepositoryImpl.java","fileName":"VillageRepositoryImpl.java"},"implementInterface":[{"filePath":"surveyportal/src/main/java/com/survey/app/server/repository/VillageRepository.java","fileName":"VillageRepository.java"}],"extendsClass":[{"fileName":"SearchInterfaceImpl.java","filePath":"surveyportal/src/main/java/com/survey/app/server/repository/SearchInterfaceImpl.java","isDisplay":false}],"entities":{"filePath":"surveyportal/src/main/java/com/survey/app/shared/location/Village.java","fileName":"Village.java"}}]}#appfire#I#appfire#VQK4MRE9BRI8PHVPZ5MG#appfire#ba9dced8-453e-49a3-b627-d497a1f91b17#appfire#1#appfire#\N#appfire#2015-11-18 23:15:23#appfire#\N#appfire#2015-11-18 23:15:23#appfire#1#appfire#1#appfire#80AD1D6F-095C-4B64-AB82-D27BCD1A8A37
2703D331-9EC6-4620-8032-366CFE7AF4CF#appfire#SurveyResultService#appfire#com.survey.app.server.service.SurveyResultService#appfire#{"resourceMapping":"/SurveyResult","defaultMethodType":"","defaultContentType":""}#appfire#{"repository":{"filePath":"surveyportal/src/main/java/com/survey/app/server/service/SurveyResultService.java","fileName":"SurveyResultService.java"},"implementInterface":[],"extendsClass":[],"repositories":[{"repository":{"filePath":"surveyportal/src/main/java/com/survey/app/server/repository/SurveyResultRepositoryImpl.java","fileName":"SurveyResultRepositoryImpl.java"},"implementInterface":[{"filePath":"surveyportal/src/main/java/com/survey/app/server/repository/SurveyResultRepository.java","fileName":"SurveyResultRepository.java"}],"extendsClass":[{"fileName":"SearchInterfaceImpl.java","filePath":"surveyportal/src/main/java/com/survey/app/server/repository/SearchInterfaceImpl.java","isDisplay":false}],"entities":{"filePath":"surveyportal/src/main/java/com/survey/app/shared/healthcare/SurveyResult.java","fileName":"SurveyResult.java"}}]}#appfire#I#appfire#VQK4MRE9BRI8PHVPZ5MG#appfire#ba9dced8-453e-49a3-b627-d497a1f91b17#appfire#1#appfire#\N#appfire#2015-11-19 19:54:00#appfire#\N#appfire#2015-11-19 19:54:00#appfire#4#appfire#1#appfire#C778C70A-A7F8-4450-9EE6-D0F0810426EC
2894E556-0C97-47F5-94BA-592F2523A61F#appfire#GenderService#appfire#com.survey.app.server.service.GenderService#appfire#{"resourceMapping":"/Gender","defaultMethodType":"","defaultContentType":""}#appfire#{"repository":{"filePath":"surveyportal/src/main/java/com/survey/app/server/service/GenderService.java","fileName":"GenderService.java"},"implementInterface":[],"extendsClass":[],"repositories":[{"repository":{"filePath":"surveyportal/src/main/java/com/survey/app/server/repository/GenderRepositoryImpl.java","fileName":"GenderRepositoryImpl.java"},"implementInterface":[{"filePath":"surveyportal/src/main/java/com/survey/app/server/repository/GenderRepository.java","fileName":"GenderRepository.java"}],"extendsClass":[{"fileName":"SearchInterfaceImpl.java","filePath":"surveyportal/src/main/java/com/survey/app/server/repository/SearchInterfaceImpl.java","isDisplay":false}],"entities":{"filePath":"surveyportal/src/main/java/com/survey/app/shared/contacts/Gender.java","fileName":"Gender.java"}}]}#appfire#I#appfire#VQK4MRE9BRI8PHVPZ5MG#appfire#ba9dced8-453e-49a3-b627-d497a1f91b17#appfire#1#appfire#\N#appfire#2015-11-18 23:15:27#appfire#\N#appfire#2015-11-18 23:15:27#appfire#1#appfire#1#appfire#186B77B9-1529-45A5-B71D-CB18CA2AA626
2B953B13-C9BE-4106-95F2-3D4235DC0A00#appfire#AppCustomerCategoryService#appfire#com.survey.app.server.service.AppCustomerCategoryService#appfire#{"resourceMapping":"/AppCustomerCategory","defaultMethodType":"","defaultContentType":""}#appfire#{"repository":{"filePath":"surveyportal/src/main/java/com/survey/app/server/service/AppCustomerCategoryService.java","fileName":"AppCustomerCategoryService.java"},"implementInterface":[],"extendsClass":[],"repositories":[{"repository":{"filePath":"surveyportal/src/main/java/com/survey/app/server/repository/AppCustomerCategoryRepositoryImpl.java","fileName":"AppCustomerCategoryRepositoryImpl.java"},"implementInterface":[{"filePath":"surveyportal/src/main/java/com/survey/app/server/repository/AppCustomerCategoryRepository.java","fileName":"AppCustomerCategoryRepository.java"}],"extendsClass":[{"fileName":"SearchInterfaceImpl.java","filePath":"surveyportal/src/main/java/com/survey/app/server/repository/SearchInterfaceImpl.java","isDisplay":false}],"entities":{"filePath":"surveyportal/src/main/java/com/survey/app/shared/customers/AppCustomerCategory.java","fileName":"AppCustomerCategory.java"}}]}#appfire#I#appfire#VQK4MRE9BRI8PHVPZ5MG#appfire#ba9dced8-453e-49a3-b627-d497a1f91b17#appfire#1#appfire#\N#appfire#2015-11-18 23:15:37#appfire#\N#appfire#2015-11-18 23:15:37#appfire#1#appfire#1#appfire#1FF67F21-7C34-4EEE-BC10-93536C10385F
357848AC-2456-4F9E-8771-050741223B39#appfire#UserAccessDomainService#appfire#com.survey.app.server.service.UserAccessDomainService#appfire#{"resourceMapping":"/UserAccessDomain","defaultMethodType":"","defaultContentType":""}#appfire#{"repository":{"filePath":"surveyportal/src/main/java/com/survey/app/server/service/UserAccessDomainService.java","fileName":"UserAccessDomainService.java"},"implementInterface":[],"extendsClass":[],"repositories":[{"repository":{"filePath":"surveyportal/src/main/java/com/survey/app/server/repository/UserAccessDomainRepositoryImpl.java","fileName":"UserAccessDomainRepositoryImpl.java"},"implementInterface":[{"filePath":"surveyportal/src/main/java/com/survey/app/server/repository/UserAccessDomainRepository.java","fileName":"UserAccessDomainRepository.java"}],"extendsClass":[{"fileName":"SearchInterfaceImpl.java","filePath":"surveyportal/src/main/java/com/survey/app/server/repository/SearchInterfaceImpl.java","isDisplay":false}],"entities":{"filePath":"surveyportal/src/main/java/com/survey/app/shared/authentication/UserAccessDomain.java","fileName":"UserAccessDomain.java"}}]}#appfire#I#appfire#VQK4MRE9BRI8PHVPZ5MG#appfire#ba9dced8-453e-49a3-b627-d497a1f91b17#appfire#1#appfire#\N#appfire#2015-11-18 23:15:30#appfire#\N#appfire#2015-11-18 23:15:30#appfire#1#appfire#1#appfire#A1C9BF07-30E5-4113-A7B4-6494A6012A58
3732C43A-0595-4B1F-BFE5-0B8C788B0553#appfire#LoginService#appfire#com.survey.app.server.service.LoginService#appfire#{"resourceMapping":"/Login","defaultMethodType":"","defaultContentType":""}#appfire#{"repository":{"filePath":"surveyportal/src/main/java/com/survey/app/server/service/LoginService.java","fileName":"LoginService.java"},"implementInterface":[],"extendsClass":[],"repositories":[{"repository":{"filePath":"surveyportal/src/main/java/com/survey/app/server/repository/LoginRepositoryImpl.java","fileName":"LoginRepositoryImpl.java"},"implementInterface":[{"filePath":"surveyportal/src/main/java/com/survey/app/server/repository/LoginRepository.java","fileName":"LoginRepository.java"}],"extendsClass":[{"fileName":"SearchInterfaceImpl.java","filePath":"surveyportal/src/main/java/com/survey/app/server/repository/SearchInterfaceImpl.java","isDisplay":false}],"entities":{"filePath":"surveyportal/src/main/java/com/survey/app/shared/authentication/Login.java","fileName":"Login.java"}}]}#appfire#I#appfire#VQK4MRE9BRI8PHVPZ5MG#appfire#ba9dced8-453e-49a3-b627-d497a1f91b17#appfire#1#appfire#\N#appfire#2015-11-18 23:15:31#appfire#\N#appfire#2015-11-18 23:15:31#appfire#1#appfire#1#appfire#0625DF8C-D1AB-4D94-81F0-6B331724C3FE
3C6FDBB9-66A7-4C69-85B0-B88323061FAE#appfire#CityService#appfire#com.survey.app.server.service.CityService#appfire#{"resourceMapping":"/City","defaultMethodType":"","defaultContentType":""}#appfire#{"repository":{"filePath":"surveyportal/src/main/java/com/survey/app/server/service/CityService.java","fileName":"CityService.java"},"implementInterface":[],"extendsClass":[],"repositories":[{"repository":{"filePath":"surveyportal/src/main/java/com/survey/app/server/repository/CityRepositoryImpl.java","fileName":"CityRepositoryImpl.java"},"implementInterface":[{"filePath":"surveyportal/src/main/java/com/survey/app/server/repository/CityRepository.java","fileName":"CityRepository.java"}],"extendsClass":[{"fileName":"SearchInterfaceImpl.java","filePath":"surveyportal/src/main/java/com/survey/app/server/repository/SearchInterfaceImpl.java","isDisplay":false}],"entities":{"filePath":"surveyportal/src/main/java/com/survey/app/shared/location/City.java","fileName":"City.java"}}]}#appfire#I#appfire#VQK4MRE9BRI8PHVPZ5MG#appfire#ba9dced8-453e-49a3-b627-d497a1f91b17#appfire#1#appfire#\N#appfire#2015-11-18 23:15:22#appfire#\N#appfire#2015-11-18 23:15:22#appfire#1#appfire#1#appfire#CBAA5D31-8355-4996-9A1B-B513D8B8EF5B
3FAEC9F1-A4F4-4838-8CFB-4074F6CD3D0F#appfire#UserAccessLevelService#appfire#com.survey.app.server.service.UserAccessLevelService#appfire#{"resourceMapping":"/UserAccessLevel","defaultMethodType":"","defaultContentType":""}#appfire#{"repository":{"filePath":"surveyportal/src/main/java/com/survey/app/server/service/UserAccessLevelService.java","fileName":"UserAccessLevelService.java"},"implementInterface":[],"extendsClass":[],"repositories":[{"repository":{"filePath":"surveyportal/src/main/java/com/survey/app/server/repository/UserAccessLevelRepositoryImpl.java","fileName":"UserAccessLevelRepositoryImpl.java"},"implementInterface":[{"filePath":"surveyportal/src/main/java/com/survey/app/server/repository/UserAccessLevelRepository.java","fileName":"UserAccessLevelRepository.java"}],"extendsClass":[{"fileName":"SearchInterfaceImpl.java","filePath":"surveyportal/src/main/java/com/survey/app/server/repository/SearchInterfaceImpl.java","isDisplay":false}],"entities":{"filePath":"surveyportal/src/main/java/com/survey/app/shared/authentication/UserAccessLevel.java","fileName":"UserAccessLevel.java"}}]}#appfire#I#appfire#VQK4MRE9BRI8PHVPZ5MG#appfire#ba9dced8-453e-49a3-b627-d497a1f91b17#appfire#1#appfire#\N#appfire#2015-11-18 23:15:30#appfire#\N#appfire#2015-11-18 23:15:30#appfire#1#appfire#1#appfire#EF23E71E-DF58-43AE-852F-55575B2F107D
59DDF193-8073-4402-87AE-D40D9D3D47FE#appfire#QuestionService#appfire#com.survey.app.server.service.QuestionService#appfire#{"resourceMapping":"/Question","defaultMethodType":"","defaultContentType":""}#appfire#{"repository":{"filePath":"surveyportal/src/main/java/com/survey/app/server/service/QuestionService.java","fileName":"QuestionService.java"},"implementInterface":[],"extendsClass":[],"repositories":[{"repository":{"filePath":"surveyportal/src/main/java/com/survey/app/server/repository/QuestionRepositoryImpl.java","fileName":"QuestionRepositoryImpl.java"},"implementInterface":[{"filePath":"surveyportal/src/main/java/com/survey/app/server/repository/QuestionRepository.java","fileName":"QuestionRepository.java"}],"extendsClass":[{"fileName":"SearchInterfaceImpl.java","filePath":"surveyportal/src/main/java/com/survey/app/server/repository/SearchInterfaceImpl.java","isDisplay":false}],"entities":{"filePath":"surveyportal/src/main/java/com/survey/app/shared/authentication/Question.java","fileName":"Question.java"}}]}#appfire#I#appfire#VQK4MRE9BRI8PHVPZ5MG#appfire#ba9dced8-453e-49a3-b627-d497a1f91b17#appfire#1#appfire#\N#appfire#2015-11-18 23:15:29#appfire#\N#appfire#2015-11-18 23:15:29#appfire#1#appfire#1#appfire#C5E09AF0-A281-4516-A10A-AD78260F48F7
5FF728B4-4B27-4603-A7AC-63B545B7CBA9#appfire#AppCustomerTypeService#appfire#com.survey.app.server.service.AppCustomerTypeService#appfire#{"resourceMapping":"/AppCustomerType","defaultMethodType":"","defaultContentType":""}#appfire#{"repository":{"filePath":"surveyportal/src/main/java/com/survey/app/server/service/AppCustomerTypeService.java","fileName":"AppCustomerTypeService.java"},"implementInterface":[],"extendsClass":[],"repositories":[{"repository":{"filePath":"surveyportal/src/main/java/com/survey/app/server/repository/AppCustomerTypeRepositoryImpl.java","fileName":"AppCustomerTypeRepositoryImpl.java"},"implementInterface":[{"filePath":"surveyportal/src/main/java/com/survey/app/server/repository/AppCustomerTypeRepository.java","fileName":"AppCustomerTypeRepository.java"}],"extendsClass":[{"fileName":"SearchInterfaceImpl.java","filePath":"surveyportal/src/main/java/com/survey/app/server/repository/SearchInterfaceImpl.java","isDisplay":false}],"entities":{"filePath":"surveyportal/src/main/java/com/survey/app/shared/customers/AppCustomerType.java","fileName":"AppCustomerType.java"}}]}#appfire#I#appfire#VQK4MRE9BRI8PHVPZ5MG#appfire#ba9dced8-453e-49a3-b627-d497a1f91b17#appfire#1#appfire#\N#appfire#2015-11-18 23:15:36#appfire#\N#appfire#2015-11-18 23:15:36#appfire#1#appfire#1#appfire#8A455F9F-51AB-4BC2-8FC2-114AA4406F87
61571208-3C3E-422A-8490-E8F5441DB003#appfire#SurveyAnswerService#appfire#com.survey.app.server.service.SurveyAnswerService#appfire#{"resourceMapping":"/SurveyAnswer","defaultMethodType":"","defaultContentType":""}#appfire#{"repository":{"filePath":"surveyportal/src/main/java/com/survey/app/server/service/SurveyAnswerService.java","fileName":"SurveyAnswerService.java"},"implementInterface":[],"extendsClass":[],"repositories":[{"repository":{"filePath":"surveyportal/src/main/java/com/survey/app/server/repository/SurveyAnswerRepositoryImpl.java","fileName":"SurveyAnswerRepositoryImpl.java"},"implementInterface":[{"filePath":"surveyportal/src/main/java/com/survey/app/server/repository/SurveyAnswerRepository.java","fileName":"SurveyAnswerRepository.java"}],"extendsClass":[{"fileName":"SearchInterfaceImpl.java","filePath":"surveyportal/src/main/java/com/survey/app/server/repository/SearchInterfaceImpl.java","isDisplay":false}],"entities":{"filePath":"surveyportal/src/main/java/com/survey/app/shared/healthcare/SurveyAnswer.java","fileName":"SurveyAnswer.java"}}]}#appfire#I#appfire#VQK4MRE9BRI8PHVPZ5MG#appfire#ba9dced8-453e-49a3-b627-d497a1f91b17#appfire#1#appfire#\N#appfire#2015-11-19 11:40:29#appfire#\N#appfire#2015-11-19 11:40:29#appfire#1#appfire#1#appfire#AD84F090-F670-4D61-B5D2-7AAB40FDB3F6
70F6C4D8-741B-49CF-9A6C-6A83BC78D9A0#appfire#AddressTypeService#appfire#com.survey.app.server.service.AddressTypeService#appfire#{"resourceMapping":"/AddressType","defaultMethodType":"","defaultContentType":""}#appfire#{"repository":{"filePath":"surveyportal/src/main/java/com/survey/app/server/service/AddressTypeService.java","fileName":"AddressTypeService.java"},"implementInterface":[],"extendsClass":[],"repositories":[{"repository":{"filePath":"surveyportal/src/main/java/com/survey/app/server/repository/AddressTypeRepositoryImpl.java","fileName":"AddressTypeRepositoryImpl.java"},"implementInterface":[{"filePath":"surveyportal/src/main/java/com/survey/app/server/repository/AddressTypeRepository.java","fileName":"AddressTypeRepository.java"}],"extendsClass":[{"fileName":"SearchInterfaceImpl.java","filePath":"surveyportal/src/main/java/com/survey/app/server/repository/SearchInterfaceImpl.java","isDisplay":false}],"entities":{"filePath":"surveyportal/src/main/java/com/survey/app/shared/location/AddressType.java","fileName":"AddressType.java"}}]}#appfire#I#appfire#VQK4MRE9BRI8PHVPZ5MG#appfire#ba9dced8-453e-49a3-b627-d497a1f91b17#appfire#1#appfire#\N#appfire#2015-11-18 23:15:24#appfire#\N#appfire#2015-11-18 23:15:24#appfire#1#appfire#1#appfire#A512DDC9-B679-46CE-94FF-2C744DD8E26E
76D18048-08AE-4F3C-8242-B0082CD4DF75#appfire#PasswordAlgoService#appfire#com.survey.app.server.service.PasswordAlgoService#appfire#{"resourceMapping":"/PasswordAlgo","defaultMethodType":"","defaultContentType":""}#appfire#{"repository":{"filePath":"surveyportal/src/main/java/com/survey/app/server/service/PasswordAlgoService.java","fileName":"PasswordAlgoService.java"},"implementInterface":[],"extendsClass":[],"repositories":[{"repository":{"filePath":"surveyportal/src/main/java/com/survey/app/server/repository/PasswordAlgoRepositoryImpl.java","fileName":"PasswordAlgoRepositoryImpl.java"},"implementInterface":[{"filePath":"surveyportal/src/main/java/com/survey/app/server/repository/PasswordAlgoRepository.java","fileName":"PasswordAlgoRepository.java"}],"extendsClass":[{"fileName":"SearchInterfaceImpl.java","filePath":"surveyportal/src/main/java/com/survey/app/server/repository/SearchInterfaceImpl.java","isDisplay":false}],"entities":{"filePath":"surveyportal/src/main/java/com/survey/app/shared/authentication/PasswordAlgo.java","fileName":"PasswordAlgo.java"}}]}#appfire#I#appfire#VQK4MRE9BRI8PHVPZ5MG#appfire#ba9dced8-453e-49a3-b627-d497a1f91b17#appfire#1#appfire#\N#appfire#2015-11-18 23:15:29#appfire#\N#appfire#2015-11-18 23:15:29#appfire#1#appfire#1#appfire#B9CE0400-C2CD-47CC-8336-D5C3D769BDA9
773B5FA3-DB39-4C6B-B127-46B3EE103509#appfire#SurveyProcessingService#appfire#healthcontext.healthcare.service.SurveyProcessingServiceWS#appfire#{"resourceMapping":"/SurveyProcessingServiceWS","defaultMethodType":"","defaultContentType":""}#appfire#{"repository":{"filePath":"surveyportal/src/main/java/com/survey/app/server/service/healthcontext.healthcare.service.SurveyProcessingServiceWS","fileName":"healthcontext.healthcare.service.SurveyProcessingServiceWS"},"implementInterface":[],"extendsClass":[],"repositories":[{"repository":{},"implementInterface":[],"extendsClass":[],"entities":{}}]}#appfire#I#appfire#VQK4MRE9BRI8PHVPZ5MG#appfire#ba9dced8-453e-49a3-b627-d497a1f91b17#appfire#1#appfire#\N#appfire#2015-11-19 13:15:54#appfire#\N#appfire#2015-11-19 13:15:54#appfire#1#appfire#1#appfire#\N
7A92C938-E62E-4E7A-BDB0-B500696477F3#appfire#AppMenusService#appfire#com.survey.app.server.service.AppMenusService#appfire#{"resourceMapping":"/AppMenus","defaultMethodType":"","defaultContentType":""}#appfire#{"repository":{"filePath":"surveyportal/src/main/java/com/survey/app/server/service/AppMenusService.java","fileName":"AppMenusService.java"},"implementInterface":[],"extendsClass":[],"repositories":[{"repository":{"filePath":"surveyportal/src/main/java/com/survey/app/server/repository/AppMenusRepositoryImpl.java","fileName":"AppMenusRepositoryImpl.java"},"implementInterface":[{"filePath":"surveyportal/src/main/java/com/survey/app/server/repository/AppMenusRepository.java","fileName":"AppMenusRepository.java"}],"extendsClass":[{"fileName":"SearchInterfaceImpl.java","filePath":"surveyportal/src/main/java/com/survey/app/server/repository/SearchInterfaceImpl.java","isDisplay":false}],"entities":{"filePath":"surveyportal/src/main/java/com/survey/app/shared/authorization/AppMenus.java","fileName":"AppMenus.java"}}]}#appfire#I#appfire#VQK4MRE9BRI8PHVPZ5MG#appfire#ba9dced8-453e-49a3-b627-d497a1f91b17#appfire#1#appfire#\N#appfire#2015-11-18 23:15:35#appfire#\N#appfire#2015-11-18 23:15:35#appfire#1#appfire#1#appfire#0DEEE914-2FA5-4E94-9996-98AB49A5A51F
80E33EA1-523D-4C37-9C69-73FBCB0BBC9A#appfire#TalukaService#appfire#com.survey.app.server.service.TalukaService#appfire#{"resourceMapping":"/Taluka","defaultMethodType":"","defaultContentType":""}#appfire#{"repository":{"filePath":"surveyportal/src/main/java/com/survey/app/server/service/TalukaService.java","fileName":"TalukaService.java"},"implementInterface":[],"extendsClass":[],"repositories":[{"repository":{"filePath":"surveyportal/src/main/java/com/survey/app/server/repository/TalukaRepositoryImpl.java","fileName":"TalukaRepositoryImpl.java"},"implementInterface":[{"filePath":"surveyportal/src/main/java/com/survey/app/server/repository/TalukaRepository.java","fileName":"TalukaRepository.java"}],"extendsClass":[{"fileName":"SearchInterfaceImpl.java","filePath":"surveyportal/src/main/java/com/survey/app/server/repository/SearchInterfaceImpl.java","isDisplay":false}],"entities":{"filePath":"surveyportal/src/main/java/com/survey/app/shared/location/Taluka.java","fileName":"Taluka.java"}}]}#appfire#I#appfire#VQK4MRE9BRI8PHVPZ5MG#appfire#ba9dced8-453e-49a3-b627-d497a1f91b17#appfire#1#appfire#\N#appfire#2015-11-18 23:15:23#appfire#\N#appfire#2015-11-18 23:15:23#appfire#1#appfire#1#appfire#19330B63-D13D-4B48-9A10-6E4B9FDE5E33
900CCA8D-3428-48F0-AE0A-879B36209278#appfire#CoreContactsService#appfire#com.survey.app.server.service.CoreContactsService#appfire#{"resourceMapping":"/CoreContacts","defaultMethodType":"","defaultContentType":""}#appfire#{"repository":{"filePath":"surveyportal/src/main/java/com/survey/app/server/service/CoreContactsService.java","fileName":"CoreContactsService.java"},"implementInterface":[],"extendsClass":[],"repositories":[{"repository":{"filePath":"surveyportal/src/main/java/com/survey/app/server/repository/CoreContactsRepositoryImpl.java","fileName":"CoreContactsRepositoryImpl.java"},"implementInterface":[{"filePath":"surveyportal/src/main/java/com/survey/app/server/repository/CoreContactsRepository.java","fileName":"CoreContactsRepository.java"}],"extendsClass":[{"fileName":"SearchInterfaceImpl.java","filePath":"surveyportal/src/main/java/com/survey/app/server/repository/SearchInterfaceImpl.java","isDisplay":false}],"entities":{"filePath":"surveyportal/src/main/java/com/survey/app/shared/contacts/CoreContacts.java","fileName":"CoreContacts.java"}}]}#appfire#I#appfire#VQK4MRE9BRI8PHVPZ5MG#appfire#ba9dced8-453e-49a3-b627-d497a1f91b17#appfire#1#appfire#\N#appfire#2015-11-18 23:15:28#appfire#\N#appfire#2015-11-18 23:15:28#appfire#1#appfire#1#appfire#CF801BBB-21F7-4A4A-984A-73819D66FE6E
A02BA6C4-E6B1-4889-A4D1-B759BFC44916#appfire#SurveyScoreService#appfire#com.survey.app.server.service.SurveyScoreService#appfire#{"resourceMapping":"/SurveyScore","defaultMethodType":"","defaultContentType":""}#appfire#{"repository":{"filePath":"surveyportal/src/main/java/com/survey/app/server/service/SurveyScoreService.java","fileName":"SurveyScoreService.java"},"implementInterface":[],"extendsClass":[],"repositories":[{"repository":{"filePath":"surveyportal/src/main/java/com/survey/app/server/repository/SurveyScoreRepositoryImpl.java","fileName":"SurveyScoreRepositoryImpl.java"},"implementInterface":[{"filePath":"surveyportal/src/main/java/com/survey/app/server/repository/SurveyScoreRepository.java","fileName":"SurveyScoreRepository.java"}],"extendsClass":[{"fileName":"SearchInterfaceImpl.java","filePath":"surveyportal/src/main/java/com/survey/app/server/repository/SearchInterfaceImpl.java","isDisplay":false}],"entities":{"filePath":"surveyportal/src/main/java/com/survey/app/shared/healthcare/SurveyScore.java","fileName":"SurveyScore.java"}}]}#appfire#I#appfire#VQK4MRE9BRI8PHVPZ5MG#appfire#ba9dced8-453e-49a3-b627-d497a1f91b17#appfire#1#appfire#\N#appfire#2015-11-19 11:40:31#appfire#\N#appfire#2015-11-19 11:40:31#appfire#1#appfire#1#appfire#1C49F9E2-FC98-4398-9E8E-BEADC009BB45
A6209EB8-CD4C-4D96-B88C-8451704C3C2B#appfire#CurrencyService#appfire#com.survey.app.server.service.CurrencyService#appfire#{"resourceMapping":"/Currency","defaultMethodType":"","defaultContentType":""}#appfire#{"repository":{"filePath":"surveyportal/src/main/java/com/survey/app/server/service/CurrencyService.java","fileName":"CurrencyService.java"},"implementInterface":[],"extendsClass":[],"repositories":[{"repository":{"filePath":"surveyportal/src/main/java/com/survey/app/server/repository/CurrencyRepositoryImpl.java","fileName":"CurrencyRepositoryImpl.java"},"implementInterface":[{"filePath":"surveyportal/src/main/java/com/survey/app/server/repository/CurrencyRepository.java","fileName":"CurrencyRepository.java"}],"extendsClass":[{"fileName":"SearchInterfaceImpl.java","filePath":"surveyportal/src/main/java/com/survey/app/server/repository/SearchInterfaceImpl.java","isDisplay":false}],"entities":{"filePath":"surveyportal/src/main/java/com/survey/app/shared/location/Currency.java","fileName":"Currency.java"}}]}#appfire#I#appfire#VQK4MRE9BRI8PHVPZ5MG#appfire#ba9dced8-453e-49a3-b627-d497a1f91b17#appfire#1#appfire#\N#appfire#2015-11-18 23:15:21#appfire#\N#appfire#2015-11-18 23:15:21#appfire#1#appfire#1#appfire#3EEB1255-578F-4ADC-904F-EA5235D99D07
AB4DE523-5603-4A40-92C3-F4BABF4FB8F5#appfire#ChdRiskService#appfire#healthcontext.healthcare.service.ChdRiskServiceWS#appfire#{"resourceMapping":"/ChdRiskServiceWS","defaultMethodType":"","defaultContentType":""}#appfire#{"repository":{"filePath":"surveyportal/src/main/java/com/survey/app/server/service/healthcontext.healthcare.service.ChdRiskServiceWS","fileName":"healthcontext.healthcare.service.ChdRiskServiceWS"},"implementInterface":[],"extendsClass":[],"repositories":[{"repository":{},"implementInterface":[],"extendsClass":[],"entities":{}}]}#appfire#I#appfire#VQK4MRE9BRI8PHVPZ5MG#appfire#ba9dced8-453e-49a3-b627-d497a1f91b17#appfire#1#appfire#\N#appfire#2015-11-19 11:57:10#appfire#\N#appfire#2015-11-19 11:57:10#appfire#1#appfire#1#appfire#\N
AD56DDA3-0885-4BAC-9CDA-A577E472985F#appfire#CommunicationTypeService#appfire#com.survey.app.server.service.CommunicationTypeService#appfire#{"resourceMapping":"/CommunicationType","defaultMethodType":"","defaultContentType":""}#appfire#{"repository":{"filePath":"surveyportal/src/main/java/com/survey/app/server/service/CommunicationTypeService.java","fileName":"CommunicationTypeService.java"},"implementInterface":[],"extendsClass":[],"repositories":[{"repository":{"filePath":"surveyportal/src/main/java/com/survey/app/server/repository/CommunicationTypeRepositoryImpl.java","fileName":"CommunicationTypeRepositoryImpl.java"},"implementInterface":[{"filePath":"surveyportal/src/main/java/com/survey/app/server/repository/CommunicationTypeRepository.java","fileName":"CommunicationTypeRepository.java"}],"extendsClass":[{"fileName":"SearchInterfaceImpl.java","filePath":"surveyportal/src/main/java/com/survey/app/server/repository/SearchInterfaceImpl.java","isDisplay":false}],"entities":{"filePath":"surveyportal/src/main/java/com/survey/app/shared/contacts/CommunicationType.java","fileName":"CommunicationType.java"}}]}#appfire#I#appfire#VQK4MRE9BRI8PHVPZ5MG#appfire#ba9dced8-453e-49a3-b627-d497a1f91b17#appfire#1#appfire#\N#appfire#2015-11-18 23:15:27#appfire#\N#appfire#2015-11-18 23:15:27#appfire#1#appfire#1#appfire#265383E1-8C1C-4354-891F-C7D9277CC655
B45A19A6-D9C0-4447-9D89-036C0846ACD1#appfire#UserRoleBridgeService#appfire#com.survey.app.server.service.UserRoleBridgeService#appfire#{"resourceMapping":"/UserRoleBridge","defaultMethodType":"","defaultContentType":""}#appfire#{"repository":{"filePath":"surveyportal/src/main/java/com/survey/app/server/service/UserRoleBridgeService.java","fileName":"UserRoleBridgeService.java"},"implementInterface":[],"extendsClass":[],"repositories":[{"repository":{"filePath":"surveyportal/src/main/java/com/survey/app/server/repository/UserRoleBridgeRepositoryImpl.java","fileName":"UserRoleBridgeRepositoryImpl.java"},"implementInterface":[{"filePath":"surveyportal/src/main/java/com/survey/app/server/repository/UserRoleBridgeRepository.java","fileName":"UserRoleBridgeRepository.java"}],"extendsClass":[{"fileName":"SearchInterfaceImpl.java","filePath":"surveyportal/src/main/java/com/survey/app/server/repository/SearchInterfaceImpl.java","isDisplay":false}],"entities":{"filePath":"surveyportal/src/main/java/com/survey/app/shared/authorization/UserRoleBridge.java","fileName":"UserRoleBridge.java"}}]}#appfire#I#appfire#VQK4MRE9BRI8PHVPZ5MG#appfire#ba9dced8-453e-49a3-b627-d497a1f91b17#appfire#1#appfire#\N#appfire#2015-11-18 23:15:35#appfire#\N#appfire#2015-11-18 23:15:35#appfire#1#appfire#1#appfire#2BC2A62A-4092-4D2F-905F-5F6AAF97C473
BB541BDE-292A-404F-95A8-336264C44D11#appfire#SurveyQuestionService#appfire#com.survey.app.server.service.SurveyQuestionService#appfire#{"resourceMapping":"/SurveyQuestion","defaultMethodType":"","defaultContentType":""}#appfire#{"repository":{"filePath":"surveyportal/src/main/java/com/survey/app/server/service/SurveyQuestionService.java","fileName":"SurveyQuestionService.java"},"implementInterface":[],"extendsClass":[],"repositories":[{"repository":{"filePath":"surveyportal/src/main/java/com/survey/app/server/repository/SurveyQuestionRepositoryImpl.java","fileName":"SurveyQuestionRepositoryImpl.java"},"implementInterface":[{"filePath":"surveyportal/src/main/java/com/survey/app/server/repository/SurveyQuestionRepository.java","fileName":"SurveyQuestionRepository.java"}],"extendsClass":[{"fileName":"SearchInterfaceImpl.java","filePath":"surveyportal/src/main/java/com/survey/app/server/repository/SearchInterfaceImpl.java","isDisplay":false}],"entities":{"filePath":"surveyportal/src/main/java/com/survey/app/shared/healthcare/SurveyQuestion.java","fileName":"SurveyQuestion.java"}}]}#appfire#I#appfire#VQK4MRE9BRI8PHVPZ5MG#appfire#ba9dced8-453e-49a3-b627-d497a1f91b17#appfire#1#appfire#\N#appfire#2015-11-19 11:48:50#appfire#\N#appfire#2015-11-19 11:48:50#appfire#2#appfire#1#appfire#B0D69ECC-8BD2-4EDE-91FB-8FA3FE3E14A3
BE64E8BD-0DCB-4BFC-B354-D37B321F2722#appfire#GeneralHealthService#appfire#healthcontext.healthcare.service.GeneralHealthServiceWS#appfire#{"resourceMapping":"/GeneralHealthServiceWS","defaultMethodType":"","defaultContentType":""}#appfire#{"repository":{"filePath":"surveyportal/src/main/java/com/survey/app/server/service/healthcontext.healthcare.service.GeneralHealthServiceWS","fileName":"healthcontext.healthcare.service.GeneralHealthServiceWS"},"implementInterface":[],"extendsClass":[],"repositories":[{"repository":{},"implementInterface":[],"extendsClass":[],"entities":{}}]}#appfire#I#appfire#VQK4MRE9BRI8PHVPZ5MG#appfire#ba9dced8-453e-49a3-b627-d497a1f91b17#appfire#1#appfire#\N#appfire#2015-11-19 11:56:39#appfire#\N#appfire#2015-11-19 11:56:39#appfire#1#appfire#1#appfire#\N
D387A866-0224-4C00-92D0-ECF2423F2DB7#appfire#StateService#appfire#com.survey.app.server.service.StateService#appfire#{"resourceMapping":"/State","defaultMethodType":"","defaultContentType":""}#appfire#{"repository":{"filePath":"surveyportal/src/main/java/com/survey/app/server/service/StateService.java","fileName":"StateService.java"},"implementInterface":[],"extendsClass":[],"repositories":[{"repository":{"filePath":"surveyportal/src/main/java/com/survey/app/server/repository/StateRepositoryImpl.java","fileName":"StateRepositoryImpl.java"},"implementInterface":[{"filePath":"surveyportal/src/main/java/com/survey/app/server/repository/StateRepository.java","fileName":"StateRepository.java"}],"extendsClass":[{"fileName":"SearchInterfaceImpl.java","filePath":"surveyportal/src/main/java/com/survey/app/server/repository/SearchInterfaceImpl.java","isDisplay":false}],"entities":{"filePath":"surveyportal/src/main/java/com/survey/app/shared/location/State.java","fileName":"State.java"}}]}#appfire#I#appfire#VQK4MRE9BRI8PHVPZ5MG#appfire#ba9dced8-453e-49a3-b627-d497a1f91b17#appfire#1#appfire#\N#appfire#2015-11-18 23:15:21#appfire#\N#appfire#2015-11-18 23:15:21#appfire#1#appfire#1#appfire#7CD708E0-BF26-441D-991E-ACF3539F578F
DCA3F67B-67E8-4477-AEA4-3194043B5F08#appfire#TitleService#appfire#com.survey.app.server.service.TitleService#appfire#{"resourceMapping":"/Title","defaultMethodType":"","defaultContentType":""}#appfire#{"repository":{"filePath":"surveyportal/src/main/java/com/survey/app/server/service/TitleService.java","fileName":"TitleService.java"},"implementInterface":[],"extendsClass":[],"repositories":[{"repository":{"filePath":"surveyportal/src/main/java/com/survey/app/server/repository/TitleRepositoryImpl.java","fileName":"TitleRepositoryImpl.java"},"implementInterface":[{"filePath":"surveyportal/src/main/java/com/survey/app/server/repository/TitleRepository.java","fileName":"TitleRepository.java"}],"extendsClass":[{"fileName":"SearchInterfaceImpl.java","filePath":"surveyportal/src/main/java/com/survey/app/server/repository/SearchInterfaceImpl.java","isDisplay":false}],"entities":{"filePath":"surveyportal/src/main/java/com/survey/app/shared/contacts/Title.java","fileName":"Title.java"}}]}#appfire#I#appfire#VQK4MRE9BRI8PHVPZ5MG#appfire#ba9dced8-453e-49a3-b627-d497a1f91b17#appfire#1#appfire#\N#appfire#2015-11-18 23:15:27#appfire#\N#appfire#2015-11-18 23:15:27#appfire#1#appfire#1#appfire#90D43013-A72C-4352-9C89-4A066786D459
E15859DF-96F6-42C8-9785-311A054B3AAC#appfire#CommunicationGroupService#appfire#com.survey.app.server.service.CommunicationGroupService#appfire#{"resourceMapping":"/CommunicationGroup","defaultMethodType":"","defaultContentType":""}#appfire#{"repository":{"filePath":"surveyportal/src/main/java/com/survey/app/server/service/CommunicationGroupService.java","fileName":"CommunicationGroupService.java"},"implementInterface":[],"extendsClass":[],"repositories":[{"repository":{"filePath":"surveyportal/src/main/java/com/survey/app/server/repository/CommunicationGroupRepositoryImpl.java","fileName":"CommunicationGroupRepositoryImpl.java"},"implementInterface":[{"filePath":"surveyportal/src/main/java/com/survey/app/server/repository/CommunicationGroupRepository.java","fileName":"CommunicationGroupRepository.java"}],"extendsClass":[{"fileName":"SearchInterfaceImpl.java","filePath":"surveyportal/src/main/java/com/survey/app/server/repository/SearchInterfaceImpl.java","isDisplay":false}],"entities":{"filePath":"surveyportal/src/main/java/com/survey/app/shared/contacts/CommunicationGroup.java","fileName":"CommunicationGroup.java"}}]}#appfire#I#appfire#VQK4MRE9BRI8PHVPZ5MG#appfire#ba9dced8-453e-49a3-b627-d497a1f91b17#appfire#1#appfire#\N#appfire#2015-11-18 23:15:26#appfire#\N#appfire#2015-11-18 23:15:26#appfire#1#appfire#1#appfire#CA20F00A-249A-47A3-A1B3-BBD47C9423CA
E24A3954-CAA4-425F-8F85-E59FB10B905F#appfire#AddressService#appfire#com.survey.app.server.service.AddressService#appfire#{"resourceMapping":"/Address","defaultMethodType":"","defaultContentType":""}#appfire#{"repository":{"filePath":"surveyportal/src/main/java/com/survey/app/server/service/AddressService.java","fileName":"AddressService.java"},"implementInterface":[],"extendsClass":[],"repositories":[{"repository":{"filePath":"surveyportal/src/main/java/com/survey/app/server/repository/AddressRepositoryImpl.java","fileName":"AddressRepositoryImpl.java"},"implementInterface":[{"filePath":"surveyportal/src/main/java/com/survey/app/server/repository/AddressRepository.java","fileName":"AddressRepository.java"}],"extendsClass":[{"fileName":"SearchInterfaceImpl.java","filePath":"surveyportal/src/main/java/com/survey/app/server/repository/SearchInterfaceImpl.java","isDisplay":false}],"entities":{"filePath":"surveyportal/src/main/java/com/survey/app/shared/location/Address.java","fileName":"Address.java"}}]}#appfire#I#appfire#VQK4MRE9BRI8PHVPZ5MG#appfire#ba9dced8-453e-49a3-b627-d497a1f91b17#appfire#1#appfire#\N#appfire#2015-11-18 23:15:24#appfire#\N#appfire#2015-11-18 23:15:24#appfire#1#appfire#1#appfire#AEC70655-E786-4915-8FDF-69DFD2A2ECBE
F1E77482-890B-4791-8376-0A0B7EAE3279#appfire#TimezoneService#appfire#com.survey.app.server.service.TimezoneService#appfire#{"resourceMapping":"/Timezone","defaultMethodType":"","defaultContentType":""}#appfire#{"repository":{"filePath":"surveyportal/src/main/java/com/survey/app/server/service/TimezoneService.java","fileName":"TimezoneService.java"},"implementInterface":[],"extendsClass":[],"repositories":[{"repository":{"filePath":"surveyportal/src/main/java/com/survey/app/server/repository/TimezoneRepositoryImpl.java","fileName":"TimezoneRepositoryImpl.java"},"implementInterface":[{"filePath":"surveyportal/src/main/java/com/survey/app/server/repository/TimezoneRepository.java","fileName":"TimezoneRepository.java"}],"extendsClass":[{"fileName":"SearchInterfaceImpl.java","filePath":"surveyportal/src/main/java/com/survey/app/server/repository/SearchInterfaceImpl.java","isDisplay":false}],"entities":{"filePath":"surveyportal/src/main/java/com/survey/app/shared/location/Timezone.java","fileName":"Timezone.java"}}]}#appfire#I#appfire#VQK4MRE9BRI8PHVPZ5MG#appfire#ba9dced8-453e-49a3-b627-d497a1f91b17#appfire#1#appfire#\N#appfire#2015-11-18 23:15:20#appfire#\N#appfire#2015-11-18 23:15:20#appfire#1#appfire#1#appfire#086AEFEF-46D1-43A5-BDFD-A728CBC53015
F29622E3-9201-4443-B7D7-ECFD189BAFF9#appfire#LifestyleHabiteService#appfire#healthcontext.healthcare.service.LifestyleHabiteServiceWS#appfire#{"resourceMapping":"/LifestyleHabiteServiceWS","defaultMethodType":"","defaultContentType":""}#appfire#{"repository":{"filePath":"surveyportal/src/main/java/com/survey/app/server/service/healthcontext.healthcare.service.LifestyleHabiteServiceWS","fileName":"healthcontext.healthcare.service.LifestyleHabiteServiceWS"},"implementInterface":[],"extendsClass":[],"repositories":[{"repository":{},"implementInterface":[],"extendsClass":[],"entities":{}}]}#appfire#I#appfire#VQK4MRE9BRI8PHVPZ5MG#appfire#ba9dced8-453e-49a3-b627-d497a1f91b17#appfire#1#appfire#\N#appfire#2015-11-19 11:58:23#appfire#\N#appfire#2015-11-19 11:58:23#appfire#1#appfire#1#appfire#\N
F6724764-26AA-443E-938B-D14A66086DDB#appfire#RegionService#appfire#com.survey.app.server.service.RegionService#appfire#{"resourceMapping":"/Region","defaultMethodType":"","defaultContentType":""}#appfire#{"repository":{"filePath":"surveyportal/src/main/java/com/survey/app/server/service/RegionService.java","fileName":"RegionService.java"},"implementInterface":[],"extendsClass":[],"repositories":[{"repository":{"filePath":"surveyportal/src/main/java/com/survey/app/server/repository/RegionRepositoryImpl.java","fileName":"RegionRepositoryImpl.java"},"implementInterface":[{"filePath":"surveyportal/src/main/java/com/survey/app/server/repository/RegionRepository.java","fileName":"RegionRepository.java"}],"extendsClass":[{"fileName":"SearchInterfaceImpl.java","filePath":"surveyportal/src/main/java/com/survey/app/server/repository/SearchInterfaceImpl.java","isDisplay":false}],"entities":{"filePath":"surveyportal/src/main/java/com/survey/app/shared/location/Region.java","fileName":"Region.java"}}]}#appfire#I#appfire#VQK4MRE9BRI8PHVPZ5MG#appfire#ba9dced8-453e-49a3-b627-d497a1f91b17#appfire#1#appfire#\N#appfire#2015-11-18 23:15:22#appfire#\N#appfire#2015-11-18 23:15:22#appfire#1#appfire#1#appfire#B2D1DC1F-5467-4DC9-83D4-5DAE85BB1130
FD48E943-78FE-4DBC-90B9-22B5013DFB97#appfire#DistrictService#appfire#com.survey.app.server.service.DistrictService#appfire#{"resourceMapping":"/District","defaultMethodType":"","defaultContentType":""}#appfire#{"repository":{"filePath":"surveyportal/src/main/java/com/survey/app/server/service/DistrictService.java","fileName":"DistrictService.java"},"implementInterface":[],"extendsClass":[],"repositories":[{"repository":{"filePath":"surveyportal/src/main/java/com/survey/app/server/repository/DistrictRepositoryImpl.java","fileName":"DistrictRepositoryImpl.java"},"implementInterface":[{"filePath":"surveyportal/src/main/java/com/survey/app/server/repository/DistrictRepository.java","fileName":"DistrictRepository.java"}],"extendsClass":[{"fileName":"SearchInterfaceImpl.java","filePath":"surveyportal/src/main/java/com/survey/app/server/repository/SearchInterfaceImpl.java","isDisplay":false}],"entities":{"filePath":"surveyportal/src/main/java/com/survey/app/shared/location/District.java","fileName":"District.java"}}]}#appfire#I#appfire#VQK4MRE9BRI8PHVPZ5MG#appfire#ba9dced8-453e-49a3-b627-d497a1f91b17#appfire#1#appfire#\N#appfire#2015-11-18 23:15:22#appfire#\N#appfire#2015-11-18 23:15:22#appfire#1#appfire#1#appfire#A93A6669-8349-485B-B038-139A7C50A076
