0CEE6D19-2E9A-415C-B13A-802359698A4E#appfire#TalukaService#appfire#com.app.server.service.TalukaService#appfire#{"resourceMapping":"/Taluka","defaultMethodType":"","defaultContentType":""}#appfire#{"repository":{"filePath":"bloodbank/src/main/java/com/app/server/service/TalukaService.java","fileName":"TalukaService.java"},"implementInterface":[],"extendsClass":[],"repositories":[{"repository":{"filePath":"bloodbank/src/main/java/com/app/server/repository/TalukaRepositoryImpl.java","fileName":"TalukaRepositoryImpl.java"},"implementInterface":[{"filePath":"bloodbank/src/main/java/com/app/server/repository/TalukaRepository.java","fileName":"TalukaRepository.java"}],"extendsClass":[{"fileName":"SearchInterfaceImpl.java","filePath":"bloodbank/src/main/java/com/app/server/repository/SearchInterfaceImpl.java","isDisplay":false}],"entities":{"filePath":"bloodbank/src/main/java/com/app/shared/location/Taluka.java","fileName":"Taluka.java"}}]}#appfire#I#appfire#XSWSVD9NMWSNLKYOUS6JXA#appfire#ba9dced8-453e-49a3-b627-d497a1f91b17#appfire#1#appfire#\N#appfire#2015-11-18 23:31:39#appfire#\N#appfire#2015-11-18 23:31:39#appfire#1#appfire#1#appfire#BFC22A25-9152-425F-ACDC-3E261D8DDCAA
0E6B56C7-8D13-458A-948E-0090961EEA01#appfire#DistrictService#appfire#com.app.server.service.DistrictService#appfire#{"resourceMapping":"/District","defaultMethodType":"","defaultContentType":""}#appfire#{"repository":{"filePath":"bloodbank/src/main/java/com/app/server/service/DistrictService.java","fileName":"DistrictService.java"},"implementInterface":[],"extendsClass":[],"repositories":[{"repository":{"filePath":"bloodbank/src/main/java/com/app/server/repository/DistrictRepositoryImpl.java","fileName":"DistrictRepositoryImpl.java"},"implementInterface":[{"filePath":"bloodbank/src/main/java/com/app/server/repository/DistrictRepository.java","fileName":"DistrictRepository.java"}],"extendsClass":[{"fileName":"SearchInterfaceImpl.java","filePath":"bloodbank/src/main/java/com/app/server/repository/SearchInterfaceImpl.java","isDisplay":false}],"entities":{"filePath":"bloodbank/src/main/java/com/app/shared/location/District.java","fileName":"District.java"}}]}#appfire#I#appfire#XSWSVD9NMWSNLKYOUS6JXA#appfire#ba9dced8-453e-49a3-b627-d497a1f91b17#appfire#1#appfire#\N#appfire#2015-11-18 23:31:38#appfire#\N#appfire#2015-11-18 23:31:38#appfire#1#appfire#1#appfire#941FC060-3877-40A0-B1A6-C9F38B64ED15
1553A160-C28A-48B0-88DB-F998A4A47C5F#appfire#AppCustomerService#appfire#com.app.server.service.AppCustomerService#appfire#{"resourceMapping":"/AppCustomer","defaultMethodType":"","defaultContentType":""}#appfire#{"repository":{"filePath":"bloodbank/src/main/java/com/app/server/service/AppCustomerService.java","fileName":"AppCustomerService.java"},"implementInterface":[],"extendsClass":[],"repositories":[{"repository":{"filePath":"bloodbank/src/main/java/com/app/server/repository/AppCustomerRepositoryImpl.java","fileName":"AppCustomerRepositoryImpl.java"},"implementInterface":[{"filePath":"bloodbank/src/main/java/com/app/server/repository/AppCustomerRepository.java","fileName":"AppCustomerRepository.java"}],"extendsClass":[{"fileName":"SearchInterfaceImpl.java","filePath":"bloodbank/src/main/java/com/app/server/repository/SearchInterfaceImpl.java","isDisplay":false}],"entities":{"filePath":"bloodbank/src/main/java/com/app/shared/customers/AppCustomer.java","fileName":"AppCustomer.java"}}]}#appfire#I#appfire#XSWSVD9NMWSNLKYOUS6JXA#appfire#ba9dced8-453e-49a3-b627-d497a1f91b17#appfire#1#appfire#\N#appfire#2015-11-18 23:31:51#appfire#\N#appfire#2015-11-18 23:31:51#appfire#1#appfire#1#appfire#FE9F8B30-D4EB-4124-A328-720D042ECD11
18063810-8EE4-4FAB-AD89-E28BB78C6E26#appfire#DonorVisitService#appfire#com.app.server.service.DonorVisitService#appfire#{"resourceMapping":"/DonorVisit","defaultMethodType":"","defaultContentType":""}#appfire#{"repository":{"filePath":"bloodbank/src/main/java/com/app/server/service/DonorVisitService.java","fileName":"DonorVisitService.java"},"implementInterface":[],"extendsClass":[],"repositories":[{"repository":{"filePath":"bloodbank/src/main/java/com/app/server/repository/DonorVisitRepositoryImpl.java","fileName":"DonorVisitRepositoryImpl.java"},"implementInterface":[{"filePath":"bloodbank/src/main/java/com/app/server/repository/DonorVisitRepository.java","fileName":"DonorVisitRepository.java"}],"extendsClass":[{"fileName":"SearchInterfaceImpl.java","filePath":"bloodbank/src/main/java/com/app/server/repository/SearchInterfaceImpl.java","isDisplay":false}],"entities":{"filePath":"bloodbank/src/main/java/com/app/shared/healthcare/DonorVisit.java","fileName":"DonorVisit.java"}}]}#appfire#I#appfire#XSWSVD9NMWSNLKYOUS6JXA#appfire#ba9dced8-453e-49a3-b627-d497a1f91b17#appfire#1#appfire#\N#appfire#2015-11-19 21:23:58#appfire#\N#appfire#2015-11-19 21:23:58#appfire#12#appfire#1#appfire#2E9A1998-4054-4D70-A4E5-2BBD30FB5E2A
1A1F665D-EEA8-4CA2-B5FE-40527AE109F2#appfire#ContactTypeService#appfire#com.app.server.service.ContactTypeService#appfire#{"resourceMapping":"/ContactType","defaultMethodType":"","defaultContentType":""}#appfire#{"repository":{"filePath":"bloodbank/src/main/java/com/app/server/service/ContactTypeService.java","fileName":"ContactTypeService.java"},"implementInterface":[],"extendsClass":[],"repositories":[{"repository":{"filePath":"bloodbank/src/main/java/com/app/server/repository/ContactTypeRepositoryImpl.java","fileName":"ContactTypeRepositoryImpl.java"},"implementInterface":[{"filePath":"bloodbank/src/main/java/com/app/server/repository/ContactTypeRepository.java","fileName":"ContactTypeRepository.java"}],"extendsClass":[{"fileName":"SearchInterfaceImpl.java","filePath":"bloodbank/src/main/java/com/app/server/repository/SearchInterfaceImpl.java","isDisplay":false}],"entities":{"filePath":"bloodbank/src/main/java/com/app/shared/contacts/ContactType.java","fileName":"ContactType.java"}}]}#appfire#I#appfire#XSWSVD9NMWSNLKYOUS6JXA#appfire#ba9dced8-453e-49a3-b627-d497a1f91b17#appfire#1#appfire#\N#appfire#2015-11-18 23:31:41#appfire#\N#appfire#2015-11-18 23:31:41#appfire#1#appfire#1#appfire#69613F1A-B75C-465D-AE01-C1FCD210D19F
1C5446FF-AC55-4590-A237-625073F22F3B#appfire#AddressTypeService#appfire#com.app.server.service.AddressTypeService#appfire#{"resourceMapping":"/AddressType","defaultMethodType":"","defaultContentType":""}#appfire#{"repository":{"filePath":"bloodbank/src/main/java/com/app/server/service/AddressTypeService.java","fileName":"AddressTypeService.java"},"implementInterface":[],"extendsClass":[],"repositories":[{"repository":{"filePath":"bloodbank/src/main/java/com/app/server/repository/AddressTypeRepositoryImpl.java","fileName":"AddressTypeRepositoryImpl.java"},"implementInterface":[{"filePath":"bloodbank/src/main/java/com/app/server/repository/AddressTypeRepository.java","fileName":"AddressTypeRepository.java"}],"extendsClass":[{"fileName":"SearchInterfaceImpl.java","filePath":"bloodbank/src/main/java/com/app/server/repository/SearchInterfaceImpl.java","isDisplay":false}],"entities":{"filePath":"bloodbank/src/main/java/com/app/shared/location/AddressType.java","fileName":"AddressType.java"}}]}#appfire#I#appfire#XSWSVD9NMWSNLKYOUS6JXA#appfire#ba9dced8-453e-49a3-b627-d497a1f91b17#appfire#1#appfire#\N#appfire#2015-11-18 23:31:40#appfire#\N#appfire#2015-11-18 23:31:40#appfire#1#appfire#1#appfire#3E3360F5-5206-4B65-A822-1957DD042138
1E1DD801-C4D4-4F66-AFE7-E03571844775#appfire#LoginService#appfire#com.app.server.service.LoginService#appfire#{"resourceMapping":"/Login","defaultMethodType":"","defaultContentType":""}#appfire#{"repository":{"filePath":"bloodbank/src/main/java/com/app/server/service/LoginService.java","fileName":"LoginService.java"},"implementInterface":[],"extendsClass":[],"repositories":[{"repository":{"filePath":"bloodbank/src/main/java/com/app/server/repository/LoginRepositoryImpl.java","fileName":"LoginRepositoryImpl.java"},"implementInterface":[{"filePath":"bloodbank/src/main/java/com/app/server/repository/LoginRepository.java","fileName":"LoginRepository.java"}],"extendsClass":[{"fileName":"SearchInterfaceImpl.java","filePath":"bloodbank/src/main/java/com/app/server/repository/SearchInterfaceImpl.java","isDisplay":false}],"entities":{"filePath":"bloodbank/src/main/java/com/app/shared/authentication/Login.java","fileName":"Login.java"}}]}#appfire#I#appfire#XSWSVD9NMWSNLKYOUS6JXA#appfire#ba9dced8-453e-49a3-b627-d497a1f91b17#appfire#1#appfire#\N#appfire#2015-11-18 23:31:46#appfire#\N#appfire#2015-11-18 23:31:46#appfire#1#appfire#1#appfire#4EDECBF3-B9AE-4AED-91AD-D783BDD84644
25CE9E0A-CF8E-4F75-8970-3C165D89F429#appfire#RegisterACampService#appfire#com.app.server.service.RegisterACampService#appfire#{"resourceMapping":"/RegisterACamp","defaultMethodType":"","defaultContentType":""}#appfire#{"repository":{"filePath":"bloodbank/src/main/java/com/app/server/service/RegisterACampService.java","fileName":"RegisterACampService.java"},"implementInterface":[],"extendsClass":[],"repositories":[{"repository":{"filePath":"bloodbank/src/main/java/com/app/server/repository/RegisterACampRepositoryImpl.java","fileName":"RegisterACampRepositoryImpl.java"},"implementInterface":[{"filePath":"bloodbank/src/main/java/com/app/server/repository/RegisterACampRepository.java","fileName":"RegisterACampRepository.java"}],"extendsClass":[{"fileName":"SearchInterfaceImpl.java","filePath":"bloodbank/src/main/java/com/app/server/repository/SearchInterfaceImpl.java","isDisplay":false}],"entities":{"filePath":"bloodbank/src/main/java/com/app/shared/healthcare/RegisterACamp.java","fileName":"RegisterACamp.java"}}]}#appfire#I#appfire#XSWSVD9NMWSNLKYOUS6JXA#appfire#ba9dced8-453e-49a3-b627-d497a1f91b17#appfire#1#appfire#\N#appfire#2015-11-19 21:04:24#appfire#\N#appfire#2015-11-19 21:04:24#appfire#10#appfire#1#appfire#8AE07D98-DB74-4E32-9A74-67EA9695323E
2CAE3FA3-0298-4D07-A08C-7E9BB301A5B6#appfire#PasswordAlgoService#appfire#com.app.server.service.PasswordAlgoService#appfire#{"resourceMapping":"/PasswordAlgo","defaultMethodType":"","defaultContentType":""}#appfire#{"repository":{"filePath":"bloodbank/src/main/java/com/app/server/service/PasswordAlgoService.java","fileName":"PasswordAlgoService.java"},"implementInterface":[],"extendsClass":[],"repositories":[{"repository":{"filePath":"bloodbank/src/main/java/com/app/server/repository/PasswordAlgoRepositoryImpl.java","fileName":"PasswordAlgoRepositoryImpl.java"},"implementInterface":[{"filePath":"bloodbank/src/main/java/com/app/server/repository/PasswordAlgoRepository.java","fileName":"PasswordAlgoRepository.java"}],"extendsClass":[{"fileName":"SearchInterfaceImpl.java","filePath":"bloodbank/src/main/java/com/app/server/repository/SearchInterfaceImpl.java","isDisplay":false}],"entities":{"filePath":"bloodbank/src/main/java/com/app/shared/authentication/PasswordAlgo.java","fileName":"PasswordAlgo.java"}}]}#appfire#I#appfire#XSWSVD9NMWSNLKYOUS6JXA#appfire#ba9dced8-453e-49a3-b627-d497a1f91b17#appfire#1#appfire#\N#appfire#2015-11-18 23:31:44#appfire#\N#appfire#2015-11-18 23:31:44#appfire#1#appfire#1#appfire#3642B924-944C-453E-BAFF-788D82D9F7F1
2F4CFD16-A4F7-4219-B2BE-79ECF2352C01#appfire#AddressService#appfire#com.app.server.service.AddressService#appfire#{"resourceMapping":"/Address","defaultMethodType":"","defaultContentType":""}#appfire#{"repository":{"filePath":"bloodbank/src/main/java/com/app/server/service/AddressService.java","fileName":"AddressService.java"},"implementInterface":[],"extendsClass":[],"repositories":[{"repository":{"filePath":"bloodbank/src/main/java/com/app/server/repository/AddressRepositoryImpl.java","fileName":"AddressRepositoryImpl.java"},"implementInterface":[{"filePath":"bloodbank/src/main/java/com/app/server/repository/AddressRepository.java","fileName":"AddressRepository.java"}],"extendsClass":[{"fileName":"SearchInterfaceImpl.java","filePath":"bloodbank/src/main/java/com/app/server/repository/SearchInterfaceImpl.java","isDisplay":false}],"entities":{"filePath":"bloodbank/src/main/java/com/app/shared/location/Address.java","fileName":"Address.java"}}]}#appfire#I#appfire#XSWSVD9NMWSNLKYOUS6JXA#appfire#ba9dced8-453e-49a3-b627-d497a1f91b17#appfire#1#appfire#\N#appfire#2015-11-19 21:01:39#appfire#\N#appfire#2015-11-19 21:01:39#appfire#2#appfire#1#appfire#C2D96166-5873-4FAD-92E3-50FB1595B467
3C3E4601-C4AD-4E0E-A813-849BDCF40517#appfire#CityService#appfire#com.app.server.service.CityService#appfire#{"resourceMapping":"/City","defaultMethodType":"","defaultContentType":""}#appfire#{"repository":{"filePath":"bloodbank/src/main/java/com/app/server/service/CityService.java","fileName":"CityService.java"},"implementInterface":[],"extendsClass":[],"repositories":[{"repository":{"filePath":"bloodbank/src/main/java/com/app/server/repository/CityRepositoryImpl.java","fileName":"CityRepositoryImpl.java"},"implementInterface":[{"filePath":"bloodbank/src/main/java/com/app/server/repository/CityRepository.java","fileName":"CityRepository.java"}],"extendsClass":[{"fileName":"SearchInterfaceImpl.java","filePath":"bloodbank/src/main/java/com/app/server/repository/SearchInterfaceImpl.java","isDisplay":false}],"entities":{"filePath":"bloodbank/src/main/java/com/app/shared/location/City.java","fileName":"City.java"}}]}#appfire#I#appfire#XSWSVD9NMWSNLKYOUS6JXA#appfire#ba9dced8-453e-49a3-b627-d497a1f91b17#appfire#1#appfire#\N#appfire#2015-11-18 23:31:39#appfire#\N#appfire#2015-11-18 23:31:39#appfire#1#appfire#1#appfire#23050038-7962-43DC-92E7-259E5106C8B8
5FC7B652-08B0-4F67-A211-E2594F9E9FA5#appfire#PasswordPolicyService#appfire#com.app.server.service.PasswordPolicyService#appfire#{"resourceMapping":"/PasswordPolicy","defaultMethodType":"","defaultContentType":""}#appfire#{"repository":{"filePath":"bloodbank/src/main/java/com/app/server/service/PasswordPolicyService.java","fileName":"PasswordPolicyService.java"},"implementInterface":[],"extendsClass":[],"repositories":[{"repository":{"filePath":"bloodbank/src/main/java/com/app/server/repository/PasswordPolicyRepositoryImpl.java","fileName":"PasswordPolicyRepositoryImpl.java"},"implementInterface":[{"filePath":"bloodbank/src/main/java/com/app/server/repository/PasswordPolicyRepository.java","fileName":"PasswordPolicyRepository.java"}],"extendsClass":[{"fileName":"SearchInterfaceImpl.java","filePath":"bloodbank/src/main/java/com/app/server/repository/SearchInterfaceImpl.java","isDisplay":false}],"entities":{"filePath":"bloodbank/src/main/java/com/app/shared/authentication/PasswordPolicy.java","fileName":"PasswordPolicy.java"}}]}#appfire#I#appfire#XSWSVD9NMWSNLKYOUS6JXA#appfire#ba9dced8-453e-49a3-b627-d497a1f91b17#appfire#1#appfire#\N#appfire#2015-11-18 23:31:44#appfire#\N#appfire#2015-11-18 23:31:44#appfire#1#appfire#1#appfire#A57B6C59-352F-4A56-8A07-8F71786A99C3
6861E383-0102-4E7C-A2EC-3B976C7406D8#appfire#CurrencyService#appfire#com.app.server.service.CurrencyService#appfire#{"resourceMapping":"/Currency","defaultMethodType":"","defaultContentType":""}#appfire#{"repository":{"filePath":"bloodbank/src/main/java/com/app/server/service/CurrencyService.java","fileName":"CurrencyService.java"},"implementInterface":[],"extendsClass":[],"repositories":[{"repository":{"filePath":"bloodbank/src/main/java/com/app/server/repository/CurrencyRepositoryImpl.java","fileName":"CurrencyRepositoryImpl.java"},"implementInterface":[{"filePath":"bloodbank/src/main/java/com/app/server/repository/CurrencyRepository.java","fileName":"CurrencyRepository.java"}],"extendsClass":[{"fileName":"SearchInterfaceImpl.java","filePath":"bloodbank/src/main/java/com/app/server/repository/SearchInterfaceImpl.java","isDisplay":false}],"entities":{"filePath":"bloodbank/src/main/java/com/app/shared/location/Currency.java","fileName":"Currency.java"}}]}#appfire#I#appfire#XSWSVD9NMWSNLKYOUS6JXA#appfire#ba9dced8-453e-49a3-b627-d497a1f91b17#appfire#1#appfire#\N#appfire#2015-11-18 23:31:36#appfire#\N#appfire#2015-11-18 23:31:36#appfire#1#appfire#1#appfire#4016A58B-86B5-4CF0-865D-F5AE2D7D221F
70774CC5-03AF-41A0-9BD2-5F1D2E17DE20#appfire#TitleService#appfire#com.app.server.service.TitleService#appfire#{"resourceMapping":"/Title","defaultMethodType":"","defaultContentType":""}#appfire#{"repository":{"filePath":"bloodbank/src/main/java/com/app/server/service/TitleService.java","fileName":"TitleService.java"},"implementInterface":[],"extendsClass":[],"repositories":[{"repository":{"filePath":"bloodbank/src/main/java/com/app/server/repository/TitleRepositoryImpl.java","fileName":"TitleRepositoryImpl.java"},"implementInterface":[{"filePath":"bloodbank/src/main/java/com/app/server/repository/TitleRepository.java","fileName":"TitleRepository.java"}],"extendsClass":[{"fileName":"SearchInterfaceImpl.java","filePath":"bloodbank/src/main/java/com/app/server/repository/SearchInterfaceImpl.java","isDisplay":false}],"entities":{"filePath":"bloodbank/src/main/java/com/app/shared/contacts/Title.java","fileName":"Title.java"}}]}#appfire#I#appfire#XSWSVD9NMWSNLKYOUS6JXA#appfire#ba9dced8-453e-49a3-b627-d497a1f91b17#appfire#1#appfire#\N#appfire#2015-11-18 23:31:42#appfire#\N#appfire#2015-11-18 23:31:42#appfire#1#appfire#1#appfire#3C84527A-F9A2-4551-A44D-C08E71106CE5
70EB651D-B9A7-4B66-A1D8-27071524F799#appfire#UserAccessLevelService#appfire#com.app.server.service.UserAccessLevelService#appfire#{"resourceMapping":"/UserAccessLevel","defaultMethodType":"","defaultContentType":""}#appfire#{"repository":{"filePath":"bloodbank/src/main/java/com/app/server/service/UserAccessLevelService.java","fileName":"UserAccessLevelService.java"},"implementInterface":[],"extendsClass":[],"repositories":[{"repository":{"filePath":"bloodbank/src/main/java/com/app/server/repository/UserAccessLevelRepositoryImpl.java","fileName":"UserAccessLevelRepositoryImpl.java"},"implementInterface":[{"filePath":"bloodbank/src/main/java/com/app/server/repository/UserAccessLevelRepository.java","fileName":"UserAccessLevelRepository.java"}],"extendsClass":[{"fileName":"SearchInterfaceImpl.java","filePath":"bloodbank/src/main/java/com/app/server/repository/SearchInterfaceImpl.java","isDisplay":false}],"entities":{"filePath":"bloodbank/src/main/java/com/app/shared/authentication/UserAccessLevel.java","fileName":"UserAccessLevel.java"}}]}#appfire#I#appfire#XSWSVD9NMWSNLKYOUS6JXA#appfire#ba9dced8-453e-49a3-b627-d497a1f91b17#appfire#1#appfire#\N#appfire#2015-11-18 23:31:45#appfire#\N#appfire#2015-11-18 23:31:45#appfire#1#appfire#1#appfire#EF0E403C-4F69-4EAA-9A46-A74B1ED8A85C
72B60964-E606-48D8-9291-04736741BD46#appfire#VillageService#appfire#com.app.server.service.VillageService#appfire#{"resourceMapping":"/Village","defaultMethodType":"","defaultContentType":""}#appfire#{"repository":{"filePath":"bloodbank/src/main/java/com/app/server/service/VillageService.java","fileName":"VillageService.java"},"implementInterface":[],"extendsClass":[],"repositories":[{"repository":{"filePath":"bloodbank/src/main/java/com/app/server/repository/VillageRepositoryImpl.java","fileName":"VillageRepositoryImpl.java"},"implementInterface":[{"filePath":"bloodbank/src/main/java/com/app/server/repository/VillageRepository.java","fileName":"VillageRepository.java"}],"extendsClass":[{"fileName":"SearchInterfaceImpl.java","filePath":"bloodbank/src/main/java/com/app/server/repository/SearchInterfaceImpl.java","isDisplay":false}],"entities":{"filePath":"bloodbank/src/main/java/com/app/shared/location/Village.java","fileName":"Village.java"}}]}#appfire#I#appfire#XSWSVD9NMWSNLKYOUS6JXA#appfire#ba9dced8-453e-49a3-b627-d497a1f91b17#appfire#1#appfire#\N#appfire#2015-11-18 23:31:40#appfire#\N#appfire#2015-11-18 23:31:40#appfire#1#appfire#1#appfire#ABD7D10F-DB3C-45EE-A344-A4A4ABE698F0
7AB530D1-06B4-4EA2-8F15-BD67C0E7A33B#appfire#BloodInfoService#appfire#com.app.server.service.BloodInfoService#appfire#{"resourceMapping":"/BloodInfo","defaultMethodType":"","defaultContentType":""}#appfire#{"repository":{"filePath":"bloodbank/src/main/java/com/app/server/service/BloodInfoService.java","fileName":"BloodInfoService.java"},"implementInterface":[],"extendsClass":[],"repositories":[{"repository":{"filePath":"bloodbank/src/main/java/com/app/server/repository/BloodInfoRepositoryImpl.java","fileName":"BloodInfoRepositoryImpl.java"},"implementInterface":[{"filePath":"bloodbank/src/main/java/com/app/server/repository/BloodInfoRepository.java","fileName":"BloodInfoRepository.java"}],"extendsClass":[{"fileName":"SearchInterfaceImpl.java","filePath":"bloodbank/src/main/java/com/app/server/repository/SearchInterfaceImpl.java","isDisplay":false}],"entities":{"filePath":"bloodbank/src/main/java/com/app/shared/healthcare/BloodInfo.java","fileName":"BloodInfo.java"}}]}#appfire#I#appfire#XSWSVD9NMWSNLKYOUS6JXA#appfire#ba9dced8-453e-49a3-b627-d497a1f91b17#appfire#1#appfire#\N#appfire#2015-11-19 18:05:01#appfire#\N#appfire#2015-11-19 18:05:01#appfire#8#appfire#1#appfire#E2595590-5ABF-475D-9362-06354533699E
827467C3-B916-4F8B-B7E8-11D6A3428167#appfire#QuestionService#appfire#com.app.server.service.QuestionService#appfire#{"resourceMapping":"/Question","defaultMethodType":"","defaultContentType":""}#appfire#{"repository":{"filePath":"bloodbank/src/main/java/com/app/server/service/QuestionService.java","fileName":"QuestionService.java"},"implementInterface":[],"extendsClass":[],"repositories":[{"repository":{"filePath":"bloodbank/src/main/java/com/app/server/repository/QuestionRepositoryImpl.java","fileName":"QuestionRepositoryImpl.java"},"implementInterface":[{"filePath":"bloodbank/src/main/java/com/app/server/repository/QuestionRepository.java","fileName":"QuestionRepository.java"}],"extendsClass":[{"fileName":"SearchInterfaceImpl.java","filePath":"bloodbank/src/main/java/com/app/server/repository/SearchInterfaceImpl.java","isDisplay":false}],"entities":{"filePath":"bloodbank/src/main/java/com/app/shared/authentication/Question.java","fileName":"Question.java"}}]}#appfire#I#appfire#XSWSVD9NMWSNLKYOUS6JXA#appfire#ba9dced8-453e-49a3-b627-d497a1f91b17#appfire#1#appfire#\N#appfire#2015-11-18 23:31:44#appfire#\N#appfire#2015-11-18 23:31:44#appfire#1#appfire#1#appfire#9EAEA00A-5063-442D-B953-C8358C799235
88DE495A-7EE2-49EF-BA7D-969E55EEEA28#appfire#CountryService#appfire#com.app.server.service.CountryService#appfire#{"resourceMapping":"/Country","defaultMethodType":"","defaultContentType":""}#appfire#{"repository":{"filePath":"bloodbank/src/main/java/com/app/server/service/CountryService.java","fileName":"CountryService.java"},"implementInterface":[],"extendsClass":[],"repositories":[{"repository":{"filePath":"bloodbank/src/main/java/com/app/server/repository/CountryRepositoryImpl.java","fileName":"CountryRepositoryImpl.java"},"implementInterface":[{"filePath":"bloodbank/src/main/java/com/app/server/repository/CountryRepository.java","fileName":"CountryRepository.java"}],"extendsClass":[{"fileName":"SearchInterfaceImpl.java","filePath":"bloodbank/src/main/java/com/app/server/repository/SearchInterfaceImpl.java","isDisplay":false}],"entities":{"filePath":"bloodbank/src/main/java/com/app/shared/location/Country.java","fileName":"Country.java"}}]}#appfire#I#appfire#XSWSVD9NMWSNLKYOUS6JXA#appfire#ba9dced8-453e-49a3-b627-d497a1f91b17#appfire#1#appfire#\N#appfire#2015-11-18 23:31:36#appfire#\N#appfire#2015-11-18 23:31:36#appfire#1#appfire#1#appfire#7511DB58-51E0-4B3F-B8A3-5ED700EA37B5
8AECAC0C-660F-494D-B781-304425225D9D#appfire#AddBloodToStock#appfire#healthcontext.healthcare.service.AddBloodToStockWS#appfire#{"resourceMapping":"/AddBloodToStockWS","defaultMethodType":"","defaultContentType":""}#appfire#{"repository":{"filePath":"bloodbank/src/main/java/com/app/server/service/healthcontext.healthcare.service.AddBloodToStockWS","fileName":"healthcontext.healthcare.service.AddBloodToStockWS"},"implementInterface":[],"extendsClass":[],"repositories":[{"repository":{},"implementInterface":[],"extendsClass":[],"entities":{}}]}#appfire#I#appfire#XSWSVD9NMWSNLKYOUS6JXA#appfire#ba9dced8-453e-49a3-b627-d497a1f91b17#appfire#1#appfire#\N#appfire#2015-11-19 19:34:14#appfire#\N#appfire#2015-11-19 19:34:14#appfire#1#appfire#1#appfire#\N
940CFB58-FC4F-4792-A6F5-1EA9DE178954#appfire#StateService#appfire#com.app.server.service.StateService#appfire#{"resourceMapping":"/State","defaultMethodType":"","defaultContentType":""}#appfire#{"repository":{"filePath":"bloodbank/src/main/java/com/app/server/service/StateService.java","fileName":"StateService.java"},"implementInterface":[],"extendsClass":[],"repositories":[{"repository":{"filePath":"bloodbank/src/main/java/com/app/server/repository/StateRepositoryImpl.java","fileName":"StateRepositoryImpl.java"},"implementInterface":[{"filePath":"bloodbank/src/main/java/com/app/server/repository/StateRepository.java","fileName":"StateRepository.java"}],"extendsClass":[{"fileName":"SearchInterfaceImpl.java","filePath":"bloodbank/src/main/java/com/app/server/repository/SearchInterfaceImpl.java","isDisplay":false}],"entities":{"filePath":"bloodbank/src/main/java/com/app/shared/location/State.java","fileName":"State.java"}}]}#appfire#I#appfire#XSWSVD9NMWSNLKYOUS6JXA#appfire#ba9dced8-453e-49a3-b627-d497a1f91b17#appfire#1#appfire#\N#appfire#2015-11-18 23:31:37#appfire#\N#appfire#2015-11-18 23:31:37#appfire#1#appfire#1#appfire#8AAB0AD6-1075-481C-B8FC-385066EF3595
96ED336C-846D-4FCC-A37D-8FCFFA2FBFC1#appfire#UpdateBloodHistory#appfire#com.app.server.service.BloodInfoServiceImpl#appfire#{"resourceMapping":"/BloodInfoServiceImpl","defaultMethodType":"","defaultContentType":""}#appfire#{"repository":{"filePath":"bloodbank/src/main/java/com/app/server/service/com.app.server.service.BloodInfoServiceImpl","fileName":"com.app.server.service.BloodInfoServiceImpl"},"implementInterface":[],"extendsClass":[],"repositories":[{"repository":{},"implementInterface":[],"extendsClass":[],"entities":{}}]}#appfire#I#appfire#XSWSVD9NMWSNLKYOUS6JXA#appfire#ba9dced8-453e-49a3-b627-d497a1f91b17#appfire#1#appfire#\N#appfire#2015-11-19 18:09:30#appfire#\N#appfire#2015-11-19 18:09:30#appfire#1#appfire#1#appfire#\N
985B111A-B6F4-406A-8A4E-4B1D520F2D9C#appfire#SaveBloodHistory#appfire#com.app.server.service.BloodInfoServiceImpl#appfire#{"resourceMapping":"/BloodInfoServiceImpl","defaultMethodType":"","defaultContentType":""}#appfire#{"repository":{"filePath":"bloodbank/src/main/java/com/app/server/service/com.app.server.service.BloodInfoServiceImpl","fileName":"com.app.server.service.BloodInfoServiceImpl"},"implementInterface":[],"extendsClass":[],"repositories":[{"repository":{},"implementInterface":[],"extendsClass":[],"entities":{}}]}#appfire#I#appfire#XSWSVD9NMWSNLKYOUS6JXA#appfire#ba9dced8-453e-49a3-b627-d497a1f91b17#appfire#1#appfire#\N#appfire#2015-11-19 18:06:11#appfire#\N#appfire#2015-11-19 18:06:11#appfire#1#appfire#1#appfire#\N
A4573153-10ED-460F-BBDE-76DCB2EE5F2B#appfire#BloodHistoryService#appfire#com.app.server.service.BloodHistoryService#appfire#{"resourceMapping":"/BloodHistory","defaultMethodType":"","defaultContentType":""}#appfire#{"repository":{"filePath":"bloodbank/src/main/java/com/app/server/service/BloodHistoryService.java","fileName":"BloodHistoryService.java"},"implementInterface":[],"extendsClass":[],"repositories":[{"repository":{"filePath":"bloodbank/src/main/java/com/app/server/repository/BloodHistoryRepositoryImpl.java","fileName":"BloodHistoryRepositoryImpl.java"},"implementInterface":[{"filePath":"bloodbank/src/main/java/com/app/server/repository/BloodHistoryRepository.java","fileName":"BloodHistoryRepository.java"}],"extendsClass":[{"fileName":"SearchInterfaceImpl.java","filePath":"bloodbank/src/main/java/com/app/server/repository/SearchInterfaceImpl.java","isDisplay":false}],"entities":{"filePath":"bloodbank/src/main/java/com/app/shared/healthcare/BloodHistory.java","fileName":"BloodHistory.java"}}]}#appfire#I#appfire#XSWSVD9NMWSNLKYOUS6JXA#appfire#ba9dced8-453e-49a3-b627-d497a1f91b17#appfire#1#appfire#\N#appfire#2015-11-19 15:46:23#appfire#\N#appfire#2015-11-19 15:46:23#appfire#8#appfire#1#appfire#E240EB5C-F1B2-475A-B50A-939CD1AADC58
A67AE79F-3019-4D22-93E5-97B7FD54B055#appfire#RolesService#appfire#com.app.server.service.RolesService#appfire#{"resourceMapping":"/Roles","defaultMethodType":"","defaultContentType":""}#appfire#{"repository":{"filePath":"bloodbank/src/main/java/com/app/server/service/RolesService.java","fileName":"RolesService.java"},"implementInterface":[],"extendsClass":[],"repositories":[{"repository":{"filePath":"bloodbank/src/main/java/com/app/server/repository/RolesRepositoryImpl.java","fileName":"RolesRepositoryImpl.java"},"implementInterface":[{"filePath":"bloodbank/src/main/java/com/app/server/repository/RolesRepository.java","fileName":"RolesRepository.java"}],"extendsClass":[{"fileName":"SearchInterfaceImpl.java","filePath":"bloodbank/src/main/java/com/app/server/repository/SearchInterfaceImpl.java","isDisplay":false}],"entities":{"filePath":"bloodbank/src/main/java/com/app/shared/authorization/Roles.java","fileName":"Roles.java"}}]}#appfire#I#appfire#XSWSVD9NMWSNLKYOUS6JXA#appfire#ba9dced8-453e-49a3-b627-d497a1f91b17#appfire#1#appfire#\N#appfire#2015-11-18 23:31:49#appfire#\N#appfire#2015-11-18 23:31:49#appfire#1#appfire#1#appfire#F18FD2B5-9F26-4730-92FA-2262FA5584DF
AB84EB60-B307-4E16-AA20-BD11F290C3B7#appfire#FindByBloodGroup#appfire#healthcontext.healthcare.service.FindByBloodGroupWS#appfire#{"resourceMapping":"/FindByBloodGroupWS","defaultMethodType":"","defaultContentType":""}#appfire#{"repository":{"filePath":"bloodbank/src/main/java/com/app/server/service/healthcontext.healthcare.service.FindByBloodGroupWS","fileName":"healthcontext.healthcare.service.FindByBloodGroupWS"},"implementInterface":[],"extendsClass":[],"repositories":[{"repository":{},"implementInterface":[],"extendsClass":[],"entities":{}}]}#appfire#I#appfire#XSWSVD9NMWSNLKYOUS6JXA#appfire#ba9dced8-453e-49a3-b627-d497a1f91b17#appfire#1#appfire#\N#appfire#2015-11-19 15:49:15#appfire#\N#appfire#2015-11-19 15:49:15#appfire#1#appfire#1#appfire#\N
B20EE03D-26F4-4CE1-9D6E-4658F4427233#appfire#LanguageService#appfire#com.app.server.service.LanguageService#appfire#{"resourceMapping":"/Language","defaultMethodType":"","defaultContentType":""}#appfire#{"repository":{"filePath":"bloodbank/src/main/java/com/app/server/service/LanguageService.java","fileName":"LanguageService.java"},"implementInterface":[],"extendsClass":[],"repositories":[{"repository":{"filePath":"bloodbank/src/main/java/com/app/server/repository/LanguageRepositoryImpl.java","fileName":"LanguageRepositoryImpl.java"},"implementInterface":[{"filePath":"bloodbank/src/main/java/com/app/server/repository/LanguageRepository.java","fileName":"LanguageRepository.java"}],"extendsClass":[{"fileName":"SearchInterfaceImpl.java","filePath":"bloodbank/src/main/java/com/app/server/repository/SearchInterfaceImpl.java","isDisplay":false}],"entities":{"filePath":"bloodbank/src/main/java/com/app/shared/location/Language.java","fileName":"Language.java"}}]}#appfire#I#appfire#XSWSVD9NMWSNLKYOUS6JXA#appfire#ba9dced8-453e-49a3-b627-d497a1f91b17#appfire#1#appfire#\N#appfire#2015-11-18 23:31:36#appfire#\N#appfire#2015-11-18 23:31:36#appfire#1#appfire#1#appfire#E714D4E5-0DC1-4EB0-B496-84B368B0D89D
BE03A41B-7F93-4664-84B2-46531798F3B5#appfire#DonationTypeService#appfire#com.app.server.service.DonationTypeService#appfire#{"resourceMapping":"/DonationType","defaultMethodType":"","defaultContentType":""}#appfire#{"repository":{"filePath":"bloodbank/src/main/java/com/app/server/service/DonationTypeService.java","fileName":"DonationTypeService.java"},"implementInterface":[],"extendsClass":[],"repositories":[{"repository":{"filePath":"bloodbank/src/main/java/com/app/server/repository/DonationTypeRepositoryImpl.java","fileName":"DonationTypeRepositoryImpl.java"},"implementInterface":[{"filePath":"bloodbank/src/main/java/com/app/server/repository/DonationTypeRepository.java","fileName":"DonationTypeRepository.java"}],"extendsClass":[{"fileName":"SearchInterfaceImpl.java","filePath":"bloodbank/src/main/java/com/app/server/repository/SearchInterfaceImpl.java","isDisplay":false}],"entities":{"filePath":"bloodbank/src/main/java/com/app/shared/healthcare/DonationType.java","fileName":"DonationType.java"}}]}#appfire#I#appfire#XSWSVD9NMWSNLKYOUS6JXA#appfire#ba9dced8-453e-49a3-b627-d497a1f91b17#appfire#1#appfire#\N#appfire#2015-11-19 00:00:13#appfire#\N#appfire#2015-11-19 00:00:13#appfire#1#appfire#1#appfire#613C3988-8F45-4311-83D5-DF8217539DFE
BFC5ABE9-E855-458F-93D0-103CD87BD6CD#appfire#BloodRequestService#appfire#com.app.server.service.BloodRequestService#appfire#{"resourceMapping":"/BloodRequest","defaultMethodType":"","defaultContentType":""}#appfire#{"repository":{"filePath":"bloodbank/src/main/java/com/app/server/service/BloodRequestService.java","fileName":"BloodRequestService.java"},"implementInterface":[],"extendsClass":[],"repositories":[{"repository":{"filePath":"bloodbank/src/main/java/com/app/server/repository/BloodRequestRepositoryImpl.java","fileName":"BloodRequestRepositoryImpl.java"},"implementInterface":[{"filePath":"bloodbank/src/main/java/com/app/server/repository/BloodRequestRepository.java","fileName":"BloodRequestRepository.java"}],"extendsClass":[{"fileName":"SearchInterfaceImpl.java","filePath":"bloodbank/src/main/java/com/app/server/repository/SearchInterfaceImpl.java","isDisplay":false}],"entities":{"filePath":"bloodbank/src/main/java/com/app/shared/healthcare/BloodRequest.java","fileName":"BloodRequest.java"}}]}#appfire#I#appfire#XSWSVD9NMWSNLKYOUS6JXA#appfire#ba9dced8-453e-49a3-b627-d497a1f91b17#appfire#1#appfire#\N#appfire#2015-11-19 19:02:24#appfire#\N#appfire#2015-11-19 19:02:24#appfire#6#appfire#1#appfire#2B69795C-BEC3-4943-BF10-BF2C64507047
C088CEEC-818B-4CF8-9206-57947703E79C#appfire#ChangeIsTestedFlag#appfire#healthcontext.healthcare.service.ChangeIsTestedFlagWS#appfire#{"resourceMapping":"/ChangeIsTestedFlagWS","defaultMethodType":"","defaultContentType":""}#appfire#{"repository":{"filePath":"bloodbank/src/main/java/com/app/server/service/healthcontext.healthcare.service.ChangeIsTestedFlagWS","fileName":"healthcontext.healthcare.service.ChangeIsTestedFlagWS"},"implementInterface":[],"extendsClass":[],"repositories":[{"repository":{},"implementInterface":[],"extendsClass":[],"entities":{}}]}#appfire#I#appfire#XSWSVD9NMWSNLKYOUS6JXA#appfire#ba9dced8-453e-49a3-b627-d497a1f91b17#appfire#1#appfire#\N#appfire#2015-11-19 18:27:31#appfire#\N#appfire#2015-11-19 18:27:31#appfire#1#appfire#1#appfire#\N
C0E6FF05-C7CB-4EBB-A975-C626148B8C6E#appfire#AppCustomerCategoryService#appfire#com.app.server.service.AppCustomerCategoryService#appfire#{"resourceMapping":"/AppCustomerCategory","defaultMethodType":"","defaultContentType":""}#appfire#{"repository":{"filePath":"bloodbank/src/main/java/com/app/server/service/AppCustomerCategoryService.java","fileName":"AppCustomerCategoryService.java"},"implementInterface":[],"extendsClass":[],"repositories":[{"repository":{"filePath":"bloodbank/src/main/java/com/app/server/repository/AppCustomerCategoryRepositoryImpl.java","fileName":"AppCustomerCategoryRepositoryImpl.java"},"implementInterface":[{"filePath":"bloodbank/src/main/java/com/app/server/repository/AppCustomerCategoryRepository.java","fileName":"AppCustomerCategoryRepository.java"}],"extendsClass":[{"fileName":"SearchInterfaceImpl.java","filePath":"bloodbank/src/main/java/com/app/server/repository/SearchInterfaceImpl.java","isDisplay":false}],"entities":{"filePath":"bloodbank/src/main/java/com/app/shared/customers/AppCustomerCategory.java","fileName":"AppCustomerCategory.java"}}]}#appfire#I#appfire#XSWSVD9NMWSNLKYOUS6JXA#appfire#ba9dced8-453e-49a3-b627-d497a1f91b17#appfire#1#appfire#\N#appfire#2015-11-18 23:31:51#appfire#\N#appfire#2015-11-18 23:31:51#appfire#1#appfire#1#appfire#C4B0DB81-B471-4603-ADEF-778535607AF8
C3A26E52-124C-4A7A-8AAB-86CAE9D05651#appfire#UserAccessDomainService#appfire#com.app.server.service.UserAccessDomainService#appfire#{"resourceMapping":"/UserAccessDomain","defaultMethodType":"","defaultContentType":""}#appfire#{"repository":{"filePath":"bloodbank/src/main/java/com/app/server/service/UserAccessDomainService.java","fileName":"UserAccessDomainService.java"},"implementInterface":[],"extendsClass":[],"repositories":[{"repository":{"filePath":"bloodbank/src/main/java/com/app/server/repository/UserAccessDomainRepositoryImpl.java","fileName":"UserAccessDomainRepositoryImpl.java"},"implementInterface":[{"filePath":"bloodbank/src/main/java/com/app/server/repository/UserAccessDomainRepository.java","fileName":"UserAccessDomainRepository.java"}],"extendsClass":[{"fileName":"SearchInterfaceImpl.java","filePath":"bloodbank/src/main/java/com/app/server/repository/SearchInterfaceImpl.java","isDisplay":false}],"entities":{"filePath":"bloodbank/src/main/java/com/app/shared/authentication/UserAccessDomain.java","fileName":"UserAccessDomain.java"}}]}#appfire#I#appfire#XSWSVD9NMWSNLKYOUS6JXA#appfire#ba9dced8-453e-49a3-b627-d497a1f91b17#appfire#1#appfire#\N#appfire#2015-11-18 23:31:45#appfire#\N#appfire#2015-11-18 23:31:45#appfire#1#appfire#1#appfire#8B1B9236-2A1D-4A18-BFFF-9562A6824354
C64677E7-C4DA-4B8E-ACC4-95228A2C1C3E#appfire#UserRoleBridgeService#appfire#com.app.server.service.UserRoleBridgeService#appfire#{"resourceMapping":"/UserRoleBridge","defaultMethodType":"","defaultContentType":""}#appfire#{"repository":{"filePath":"bloodbank/src/main/java/com/app/server/service/UserRoleBridgeService.java","fileName":"UserRoleBridgeService.java"},"implementInterface":[],"extendsClass":[],"repositories":[{"repository":{"filePath":"bloodbank/src/main/java/com/app/server/repository/UserRoleBridgeRepositoryImpl.java","fileName":"UserRoleBridgeRepositoryImpl.java"},"implementInterface":[{"filePath":"bloodbank/src/main/java/com/app/server/repository/UserRoleBridgeRepository.java","fileName":"UserRoleBridgeRepository.java"}],"extendsClass":[{"fileName":"SearchInterfaceImpl.java","filePath":"bloodbank/src/main/java/com/app/server/repository/SearchInterfaceImpl.java","isDisplay":false}],"entities":{"filePath":"bloodbank/src/main/java/com/app/shared/authorization/UserRoleBridge.java","fileName":"UserRoleBridge.java"}}]}#appfire#I#appfire#XSWSVD9NMWSNLKYOUS6JXA#appfire#ba9dced8-453e-49a3-b627-d497a1f91b17#appfire#1#appfire#\N#appfire#2015-11-18 23:31:50#appfire#\N#appfire#2015-11-18 23:31:50#appfire#1#appfire#1#appfire#7119C0D9-CE50-45A3-9301-8D3798917412
C7E828CB-B275-4E74-8677-BC1D0534BE6E#appfire#BloodStockService#appfire#com.app.server.service.BloodStockService#appfire#{"resourceMapping":"/BloodStock","defaultMethodType":"","defaultContentType":""}#appfire#{"repository":{"filePath":"bloodbank/src/main/java/com/app/server/service/BloodStockService.java","fileName":"BloodStockService.java"},"implementInterface":[],"extendsClass":[],"repositories":[{"repository":{"filePath":"bloodbank/src/main/java/com/app/server/repository/BloodStockRepositoryImpl.java","fileName":"BloodStockRepositoryImpl.java"},"implementInterface":[{"filePath":"bloodbank/src/main/java/com/app/server/repository/BloodStockRepository.java","fileName":"BloodStockRepository.java"}],"extendsClass":[{"fileName":"SearchInterfaceImpl.java","filePath":"bloodbank/src/main/java/com/app/server/repository/SearchInterfaceImpl.java","isDisplay":false}],"entities":{"filePath":"bloodbank/src/main/java/com/app/shared/healthcare/BloodStock.java","fileName":"BloodStock.java"}}]}#appfire#I#appfire#XSWSVD9NMWSNLKYOUS6JXA#appfire#ba9dced8-453e-49a3-b627-d497a1f91b17#appfire#1#appfire#\N#appfire#2015-11-19 14:50:33#appfire#\N#appfire#2015-11-19 14:50:33#appfire#1#appfire#1#appfire#B7D8EE2E-0BBB-4451-A9EA-20754DFFCF46
CA958905-D6BB-4C90-BB64-A40C79F07256#appfire#AppMenusService#appfire#com.app.server.service.AppMenusService#appfire#{"resourceMapping":"/AppMenus","defaultMethodType":"","defaultContentType":""}#appfire#{"repository":{"filePath":"bloodbank/src/main/java/com/app/server/service/AppMenusService.java","fileName":"AppMenusService.java"},"implementInterface":[],"extendsClass":[],"repositories":[{"repository":{"filePath":"bloodbank/src/main/java/com/app/server/repository/AppMenusRepositoryImpl.java","fileName":"AppMenusRepositoryImpl.java"},"implementInterface":[{"filePath":"bloodbank/src/main/java/com/app/server/repository/AppMenusRepository.java","fileName":"AppMenusRepository.java"}],"extendsClass":[{"fileName":"SearchInterfaceImpl.java","filePath":"bloodbank/src/main/java/com/app/server/repository/SearchInterfaceImpl.java","isDisplay":false}],"entities":{"filePath":"bloodbank/src/main/java/com/app/shared/authorization/AppMenus.java","fileName":"AppMenus.java"}}]}#appfire#I#appfire#XSWSVD9NMWSNLKYOUS6JXA#appfire#ba9dced8-453e-49a3-b627-d497a1f91b17#appfire#1#appfire#\N#appfire#2015-11-18 23:31:49#appfire#\N#appfire#2015-11-18 23:31:49#appfire#1#appfire#1#appfire#CA325E6C-5626-421E-9357-B2939C94A174
CD471754-0886-46DF-93F3-01F912AF82CA#appfire#BloodGroupService#appfire#com.app.server.service.BloodGroupService#appfire#{"resourceMapping":"/BloodGroup","defaultMethodType":"","defaultContentType":""}#appfire#{"repository":{"filePath":"bloodbank/src/main/java/com/app/server/service/BloodGroupService.java","fileName":"BloodGroupService.java"},"implementInterface":[],"extendsClass":[],"repositories":[{"repository":{"filePath":"bloodbank/src/main/java/com/app/server/repository/BloodGroupRepositoryImpl.java","fileName":"BloodGroupRepositoryImpl.java"},"implementInterface":[{"filePath":"bloodbank/src/main/java/com/app/server/repository/BloodGroupRepository.java","fileName":"BloodGroupRepository.java"}],"extendsClass":[{"fileName":"SearchInterfaceImpl.java","filePath":"bloodbank/src/main/java/com/app/server/repository/SearchInterfaceImpl.java","isDisplay":false}],"entities":{"filePath":"bloodbank/src/main/java/com/app/shared/healthcare/BloodGroup.java","fileName":"BloodGroup.java"}}]}#appfire#I#appfire#XSWSVD9NMWSNLKYOUS6JXA#appfire#ba9dced8-453e-49a3-b627-d497a1f91b17#appfire#1#appfire#\N#appfire#2015-11-18 23:37:44#appfire#\N#appfire#2015-11-18 23:37:44#appfire#1#appfire#1#appfire#3E3C11E1-4A4F-47C1-868E-96CD90FE5DCB
D2954803-1D7C-4B9D-9790-B9EAD1A006B7#appfire#CommunicationTypeService#appfire#com.app.server.service.CommunicationTypeService#appfire#{"resourceMapping":"/CommunicationType","defaultMethodType":"","defaultContentType":""}#appfire#{"repository":{"filePath":"bloodbank/src/main/java/com/app/server/service/CommunicationTypeService.java","fileName":"CommunicationTypeService.java"},"implementInterface":[],"extendsClass":[],"repositories":[{"repository":{"filePath":"bloodbank/src/main/java/com/app/server/repository/CommunicationTypeRepositoryImpl.java","fileName":"CommunicationTypeRepositoryImpl.java"},"implementInterface":[{"filePath":"bloodbank/src/main/java/com/app/server/repository/CommunicationTypeRepository.java","fileName":"CommunicationTypeRepository.java"}],"extendsClass":[{"fileName":"SearchInterfaceImpl.java","filePath":"bloodbank/src/main/java/com/app/server/repository/SearchInterfaceImpl.java","isDisplay":false}],"entities":{"filePath":"bloodbank/src/main/java/com/app/shared/contacts/CommunicationType.java","fileName":"CommunicationType.java"}}]}#appfire#I#appfire#XSWSVD9NMWSNLKYOUS6JXA#appfire#ba9dced8-453e-49a3-b627-d497a1f91b17#appfire#1#appfire#\N#appfire#2015-11-18 23:31:42#appfire#\N#appfire#2015-11-18 23:31:42#appfire#1#appfire#1#appfire#A0E7AB61-DCEC-4A3A-B742-D943A7A94AC9
D50ACA8F-54A3-4929-89F9-7EA4CA797E89#appfire#RegionService#appfire#com.app.server.service.RegionService#appfire#{"resourceMapping":"/Region","defaultMethodType":"","defaultContentType":""}#appfire#{"repository":{"filePath":"bloodbank/src/main/java/com/app/server/service/RegionService.java","fileName":"RegionService.java"},"implementInterface":[],"extendsClass":[],"repositories":[{"repository":{"filePath":"bloodbank/src/main/java/com/app/server/repository/RegionRepositoryImpl.java","fileName":"RegionRepositoryImpl.java"},"implementInterface":[{"filePath":"bloodbank/src/main/java/com/app/server/repository/RegionRepository.java","fileName":"RegionRepository.java"}],"extendsClass":[{"fileName":"SearchInterfaceImpl.java","filePath":"bloodbank/src/main/java/com/app/server/repository/SearchInterfaceImpl.java","isDisplay":false}],"entities":{"filePath":"bloodbank/src/main/java/com/app/shared/location/Region.java","fileName":"Region.java"}}]}#appfire#I#appfire#XSWSVD9NMWSNLKYOUS6JXA#appfire#ba9dced8-453e-49a3-b627-d497a1f91b17#appfire#1#appfire#\N#appfire#2015-11-18 23:31:38#appfire#\N#appfire#2015-11-18 23:31:38#appfire#1#appfire#1#appfire#B5B17680-D404-43B9-97A0-8DB68EA6C05B
D713ADCC-A1BD-43EF-9156-658B33B50749#appfire#AppCustomerTypeService#appfire#com.app.server.service.AppCustomerTypeService#appfire#{"resourceMapping":"/AppCustomerType","defaultMethodType":"","defaultContentType":""}#appfire#{"repository":{"filePath":"bloodbank/src/main/java/com/app/server/service/AppCustomerTypeService.java","fileName":"AppCustomerTypeService.java"},"implementInterface":[],"extendsClass":[],"repositories":[{"repository":{"filePath":"bloodbank/src/main/java/com/app/server/repository/AppCustomerTypeRepositoryImpl.java","fileName":"AppCustomerTypeRepositoryImpl.java"},"implementInterface":[{"filePath":"bloodbank/src/main/java/com/app/server/repository/AppCustomerTypeRepository.java","fileName":"AppCustomerTypeRepository.java"}],"extendsClass":[{"fileName":"SearchInterfaceImpl.java","filePath":"bloodbank/src/main/java/com/app/server/repository/SearchInterfaceImpl.java","isDisplay":false}],"entities":{"filePath":"bloodbank/src/main/java/com/app/shared/customers/AppCustomerType.java","fileName":"AppCustomerType.java"}}]}#appfire#I#appfire#XSWSVD9NMWSNLKYOUS6JXA#appfire#ba9dced8-453e-49a3-b627-d497a1f91b17#appfire#1#appfire#\N#appfire#2015-11-18 23:31:50#appfire#\N#appfire#2015-11-18 23:31:50#appfire#1#appfire#1#appfire#C7BEF65F-7C31-48E2-B196-47CAD4C4EF7B
DBAB3848-589C-461C-A1CD-9C66ED5FD695#appfire#BloodHistorySave#appfire#com.app.server.service.BloodInfoServiceImpl#appfire#{"resourceMapping":"/BloodInfoServiceImpl","defaultMethodType":"","defaultContentType":""}#appfire#{"repository":{"filePath":"bloodbank/src/main/java/com/app/server/service/com.app.server.service.BloodInfoServiceImpl","fileName":"com.app.server.service.BloodInfoServiceImpl"},"implementInterface":[],"extendsClass":[],"repositories":[{"repository":{},"implementInterface":[],"extendsClass":[],"entities":{}}]}#appfire#I#appfire#XSWSVD9NMWSNLKYOUS6JXA#appfire#ba9dced8-453e-49a3-b627-d497a1f91b17#appfire#1#appfire#\N#appfire#2015-11-19 13:10:32#appfire#\N#appfire#2015-11-19 13:10:32#appfire#1#appfire#1#appfire#\N
DBFB13A4-1CB1-47FB-8CE0-6F017B3C81C3#appfire#CoreContactsService#appfire#com.app.server.service.CoreContactsService#appfire#{"resourceMapping":"/CoreContacts","defaultMethodType":"","defaultContentType":""}#appfire#{"repository":{"filePath":"bloodbank/src/main/java/com/app/server/service/CoreContactsService.java","fileName":"CoreContactsService.java"},"implementInterface":[],"extendsClass":[],"repositories":[{"repository":{"filePath":"bloodbank/src/main/java/com/app/server/repository/CoreContactsRepositoryImpl.java","fileName":"CoreContactsRepositoryImpl.java"},"implementInterface":[{"filePath":"bloodbank/src/main/java/com/app/server/repository/CoreContactsRepository.java","fileName":"CoreContactsRepository.java"}],"extendsClass":[{"fileName":"SearchInterfaceImpl.java","filePath":"bloodbank/src/main/java/com/app/server/repository/SearchInterfaceImpl.java","isDisplay":false}],"entities":{"filePath":"bloodbank/src/main/java/com/app/shared/contacts/CoreContacts.java","fileName":"CoreContacts.java"}}]}#appfire#I#appfire#XSWSVD9NMWSNLKYOUS6JXA#appfire#ba9dced8-453e-49a3-b627-d497a1f91b17#appfire#1#appfire#\N#appfire#2015-11-18 23:31:43#appfire#\N#appfire#2015-11-18 23:31:43#appfire#1#appfire#1#appfire#E137AC79-27EA-4C55-9B47-BAB7F6DAFF01
DE1D8B05-DF7A-4A10-A550-22D13061298E#appfire#ProcessBloodRequestService#appfire#com.app.server.service.ProcessBloodRequestService#appfire#{"resourceMapping":"/ProcessBloodRequest","defaultMethodType":"","defaultContentType":""}#appfire#{"repository":{"filePath":"bloodbank/src/main/java/com/app/server/service/ProcessBloodRequestService.java","fileName":"ProcessBloodRequestService.java"},"implementInterface":[],"extendsClass":[],"repositories":[{"repository":{"filePath":"bloodbank/src/main/java/com/app/server/repository/ProcessBloodRequestRepositoryImpl.java","fileName":"ProcessBloodRequestRepositoryImpl.java"},"implementInterface":[{"filePath":"bloodbank/src/main/java/com/app/server/repository/ProcessBloodRequestRepository.java","fileName":"ProcessBloodRequestRepository.java"}],"extendsClass":[{"fileName":"SearchInterfaceImpl.java","filePath":"bloodbank/src/main/java/com/app/server/repository/SearchInterfaceImpl.java","isDisplay":false}],"entities":{"filePath":"bloodbank/src/main/java/com/app/shared/healthcare/ProcessBloodRequest.java","fileName":"ProcessBloodRequest.java"}}]}#appfire#I#appfire#XSWSVD9NMWSNLKYOUS6JXA#appfire#ba9dced8-453e-49a3-b627-d497a1f91b17#appfire#1#appfire#\N#appfire#2015-11-19 19:03:14#appfire#\N#appfire#2015-11-19 19:03:14#appfire#4#appfire#1#appfire#475AF8F9-113C-4422-A325-15C5496AF339
E031DB81-D7BF-49F5-AF13-0C4BF29AD6E4#appfire#CommunicationGroupService#appfire#com.app.server.service.CommunicationGroupService#appfire#{"resourceMapping":"/CommunicationGroup","defaultMethodType":"","defaultContentType":""}#appfire#{"repository":{"filePath":"bloodbank/src/main/java/com/app/server/service/CommunicationGroupService.java","fileName":"CommunicationGroupService.java"},"implementInterface":[],"extendsClass":[],"repositories":[{"repository":{"filePath":"bloodbank/src/main/java/com/app/server/repository/CommunicationGroupRepositoryImpl.java","fileName":"CommunicationGroupRepositoryImpl.java"},"implementInterface":[{"filePath":"bloodbank/src/main/java/com/app/server/repository/CommunicationGroupRepository.java","fileName":"CommunicationGroupRepository.java"}],"extendsClass":[{"fileName":"SearchInterfaceImpl.java","filePath":"bloodbank/src/main/java/com/app/server/repository/SearchInterfaceImpl.java","isDisplay":false}],"entities":{"filePath":"bloodbank/src/main/java/com/app/shared/contacts/CommunicationGroup.java","fileName":"CommunicationGroup.java"}}]}#appfire#I#appfire#XSWSVD9NMWSNLKYOUS6JXA#appfire#ba9dced8-453e-49a3-b627-d497a1f91b17#appfire#1#appfire#\N#appfire#2015-11-18 23:31:41#appfire#\N#appfire#2015-11-18 23:31:41#appfire#1#appfire#1#appfire#F38E1AFB-E167-4FA3-964D-EC6B4317F4B3
F89B4A22-4BE0-42F7-86E2-203A574D1552#appfire#ClinicalAndBloodInfoService#appfire#com.app.server.service.DonorVisitServiceImpl#appfire#{"resourceMapping":"/DonorVisitServiceImpl","defaultMethodType":"","defaultContentType":""}#appfire#{"repository":{"filePath":"bloodbank/src/main/java/com/app/server/service/com.app.server.service.DonorVisitServiceImpl","fileName":"com.app.server.service.DonorVisitServiceImpl"},"implementInterface":[],"extendsClass":[],"repositories":[{"repository":{},"implementInterface":[],"extendsClass":[],"entities":{}}]}#appfire#I#appfire#XSWSVD9NMWSNLKYOUS6JXA#appfire#ba9dced8-453e-49a3-b627-d497a1f91b17#appfire#1#appfire#\N#appfire#2015-11-19 00:53:37#appfire#\N#appfire#2015-11-19 00:53:37#appfire#1#appfire#1#appfire#\N
FC933F70-1FDF-4846-81B2-BD6E7C086AE6#appfire#RegisterADonorService#appfire#com.app.server.service.RegisterADonorService#appfire#{"resourceMapping":"/RegisterADonor","defaultMethodType":"","defaultContentType":""}#appfire#{"repository":{"filePath":"bloodbank/src/main/java/com/app/server/service/RegisterADonorService.java","fileName":"RegisterADonorService.java"},"implementInterface":[],"extendsClass":[],"repositories":[{"repository":{"filePath":"bloodbank/src/main/java/com/app/server/repository/RegisterADonorRepositoryImpl.java","fileName":"RegisterADonorRepositoryImpl.java"},"implementInterface":[{"filePath":"bloodbank/src/main/java/com/app/server/repository/RegisterADonorRepository.java","fileName":"RegisterADonorRepository.java"}],"extendsClass":[{"fileName":"SearchInterfaceImpl.java","filePath":"bloodbank/src/main/java/com/app/server/repository/SearchInterfaceImpl.java","isDisplay":false}],"entities":{"filePath":"bloodbank/src/main/java/com/app/shared/healthcare/RegisterADonor.java","fileName":"RegisterADonor.java"}}]}#appfire#I#appfire#XSWSVD9NMWSNLKYOUS6JXA#appfire#ba9dced8-453e-49a3-b627-d497a1f91b17#appfire#1#appfire#\N#appfire#2015-11-19 00:57:47#appfire#\N#appfire#2015-11-19 00:57:47#appfire#6#appfire#1#appfire#DE7A997B-884E-4631-89B1-AB765CA7A508
FD2D67ED-AA0E-4437-8E93-B875718FFAF2#appfire#TimezoneService#appfire#com.app.server.service.TimezoneService#appfire#{"resourceMapping":"/Timezone","defaultMethodType":"","defaultContentType":""}#appfire#{"repository":{"filePath":"bloodbank/src/main/java/com/app/server/service/TimezoneService.java","fileName":"TimezoneService.java"},"implementInterface":[],"extendsClass":[],"repositories":[{"repository":{"filePath":"bloodbank/src/main/java/com/app/server/repository/TimezoneRepositoryImpl.java","fileName":"TimezoneRepositoryImpl.java"},"implementInterface":[{"filePath":"bloodbank/src/main/java/com/app/server/repository/TimezoneRepository.java","fileName":"TimezoneRepository.java"}],"extendsClass":[{"fileName":"SearchInterfaceImpl.java","filePath":"bloodbank/src/main/java/com/app/server/repository/SearchInterfaceImpl.java","isDisplay":false}],"entities":{"filePath":"bloodbank/src/main/java/com/app/shared/location/Timezone.java","fileName":"Timezone.java"}}]}#appfire#I#appfire#XSWSVD9NMWSNLKYOUS6JXA#appfire#ba9dced8-453e-49a3-b627-d497a1f91b17#appfire#1#appfire#\N#appfire#2015-11-18 23:31:36#appfire#\N#appfire#2015-11-18 23:31:36#appfire#1#appfire#1#appfire#2D1E6D18-13DC-4510-9F3A-DED562264253
FF5D83DC-D04C-41DD-9E0D-32DE7E74F1D3#appfire#RegisterDonorToCampService#appfire#com.app.server.service.RegisterDonorToCampService#appfire#{"resourceMapping":"/RegisterDonorToCamp","defaultMethodType":"","defaultContentType":""}#appfire#{"repository":{"filePath":"bloodbank/src/main/java/com/app/server/service/RegisterDonorToCampService.java","fileName":"RegisterDonorToCampService.java"},"implementInterface":[],"extendsClass":[],"repositories":[{"repository":{"filePath":"bloodbank/src/main/java/com/app/server/repository/RegisterDonorToCampRepositoryImpl.java","fileName":"RegisterDonorToCampRepositoryImpl.java"},"implementInterface":[{"filePath":"bloodbank/src/main/java/com/app/server/repository/RegisterDonorToCampRepository.java","fileName":"RegisterDonorToCampRepository.java"}],"extendsClass":[{"fileName":"SearchInterfaceImpl.java","filePath":"bloodbank/src/main/java/com/app/server/repository/SearchInterfaceImpl.java","isDisplay":false}],"entities":{"filePath":"bloodbank/src/main/java/com/app/shared/healthcare/RegisterDonorToCamp.java","fileName":"RegisterDonorToCamp.java"}}]}#appfire#I#appfire#XSWSVD9NMWSNLKYOUS6JXA#appfire#ba9dced8-453e-49a3-b627-d497a1f91b17#appfire#1#appfire#\N#appfire#2015-11-19 12:19:57#appfire#\N#appfire#2015-11-19 12:19:57#appfire#4#appfire#1#appfire#96D0BED4-13A2-4DA1-B92E-AB38D6F30259
FF9B6DAD-2FF4-4D23-9A16-64D37896D397#appfire#GenderService#appfire#com.app.server.service.GenderService#appfire#{"resourceMapping":"/Gender","defaultMethodType":"","defaultContentType":""}#appfire#{"repository":{"filePath":"bloodbank/src/main/java/com/app/server/service/GenderService.java","fileName":"GenderService.java"},"implementInterface":[],"extendsClass":[],"repositories":[{"repository":{"filePath":"bloodbank/src/main/java/com/app/server/repository/GenderRepositoryImpl.java","fileName":"GenderRepositoryImpl.java"},"implementInterface":[{"filePath":"bloodbank/src/main/java/com/app/server/repository/GenderRepository.java","fileName":"GenderRepository.java"}],"extendsClass":[{"fileName":"SearchInterfaceImpl.java","filePath":"bloodbank/src/main/java/com/app/server/repository/SearchInterfaceImpl.java","isDisplay":false}],"entities":{"filePath":"bloodbank/src/main/java/com/app/shared/contacts/Gender.java","fileName":"Gender.java"}}]}#appfire#I#appfire#XSWSVD9NMWSNLKYOUS6JXA#appfire#ba9dced8-453e-49a3-b627-d497a1f91b17#appfire#1#appfire#\N#appfire#2015-11-18 23:31:42#appfire#\N#appfire#2015-11-18 23:31:42#appfire#1#appfire#1#appfire#AB20B367-213F-4204-893A-7828815933B7
