04487B38-03E5-4482-BC25-C5507881DC95#appfire#SELECT city.cityName,registerADonor.dName,registerADonor.gender,registerADonor.bloodGroup,registerADonor.phone,donorVisit.visitId,donorVisit.clinicalInfo.height,donorVisit.clinicalInfo.weight,donorVisit.clinicalInfo.temp,donorVisit.clinicalInfo.bp,donorVisit.clinicalInfo.pulse,donorVisit.clinicalInfo.unitsOfBlood,registerACamp.orgName,registerACamp.rsnForCamp,registerACamp.bloodBankName,registerACamp.fromDate,registerACamp.campTime,registerACamp.toDate,registerACamp.campId FROM RegisterDonorToCamp AS registerDonorToCamp,City AS city,RegisterADonor AS registerADonor,DonorVisit AS donorVisit,RegisterACamp AS registerACamp \
 WHERE \
  registerDonorToCamp.campId = registerACamp.campId \
 AND registerDonorToCamp.donorId = registerADonor.donorId \
 AND registerADonor.donorId = donorVisit.donorId \
 AND registerACamp.address.countryId = city.countryId \
 AND registerACamp.address.stateId = city.stateId \
 AND registerACamp.address.cityId = city.cityId \
 AND registerDonorToCamp.campId = donorVisit.campId \
 AND registerACamp.campId = :campId2 \
 AND donorVisit.visitId = :visitId \
 \
 \
 #appfire#2#appfire#{"where":[{},{"_connIndex":"76ma7ca5-m41d-4nnn-ad5c-bm20999c1m86","_parentIndex":"isWhereRoot","left":{"name":"campId","value":"registerDonorToCamp.campId","valueType":1,"dataType":"VARCHAR","displayName":"campId","widget":"combo","alias":"RegisterDonorToCamp","placeHolder":"campId","fieldType":"isReference","entConfig":{"name":"RegisterDonorToCamp","id":"E85D98C3-A815-49A3-8B65-4FDFC0C4FC2E","type":"T","alias":"registerDonorToCamp","initParentAlias":"registerDonorToCamp"},"fieldConfig":{"fieldName":"campId","name":"campId","initParentAlias":"registerDonorToCamp","alias":"registerDonorToCamp.campId","displayName":"campId","fieldType":"java.lang.String","dataType":"VARCHAR","xtype":"combo","fieldSize":"256","isPKey":false}},"operator":"=","right":{"name":"campId","value":"registerACamp.campId","valueType":1,"dataType":"VARCHAR","displayName":"campId","widget":"textfield","alias":"RegisterACamp","placeHolder":"campId","fieldType":"isReference","entConfig":{"name":"RegisterACamp","id":"DDEBD7FB-07FC-4670-81F6-4B009B298AA8","type":"T","alias":"registerACamp","initParentAlias":"registerACamp"},"fieldConfig":{"fieldName":"campId","name":"campId","initParentAlias":"registerACamp","alias":"registerACamp.campId","displayName":"campId","fieldType":"java.lang.String","dataType":"VARCHAR","xtype":"textfield","fieldSize":"256","isPKey":true}}},{"relation":"AND"},{"_connIndex":"51a8a762-bc4n-4cbb-17n2-9826ab11c939","_parentIndex":"isWhereRoot","left":{"name":"donorId","value":"registerDonorToCamp.donorId","valueType":1,"dataType":"VARCHAR","displayName":"donorId","widget":"combo","alias":"RegisterDonorToCamp","placeHolder":"donorId","fieldType":"isReference","entConfig":{"name":"RegisterDonorToCamp","id":"E85D98C3-A815-49A3-8B65-4FDFC0C4FC2E","type":"T","alias":"registerDonorToCamp","initParentAlias":"registerDonorToCamp"},"fieldConfig":{"fieldName":"donorId","name":"donorId","initParentAlias":"registerDonorToCamp","alias":"registerDonorToCamp.donorId","displayName":"donorId","fieldType":"java.lang.String","dataType":"VARCHAR","xtype":"combo","fieldSize":"256","isPKey":false}},"operator":"=","right":{"name":"donorId","value":"registerADonor.donorId","valueType":1,"dataType":"VARCHAR","displayName":"donorId","widget":"textfield","alias":"RegisterADonor","placeHolder":"donorId","fieldType":"isReference","entConfig":{"name":"RegisterADonor","id":"700C38DA-482F-452B-A28B-2D2DDC2C1FE7","type":"T","alias":"registerADonor","initParentAlias":"registerADonor"},"fieldConfig":{"fieldName":"donorId","name":"donorId","initParentAlias":"registerADonor","alias":"registerADonor.donorId","displayName":"donorId","fieldType":"java.lang.String","dataType":"VARCHAR","xtype":"textfield","fieldSize":"256","isPKey":true}}},{"relation":"AND"},{"_connIndex":"c06cna3d-7d54-4504-10na-6ncad30d3c51","_parentIndex":"isWhereRoot","left":{"name":"donorId","value":"registerADonor.donorId","valueType":1,"dataType":"VARCHAR","displayName":"donorId","widget":"textfield","alias":"RegisterADonor","placeHolder":"donorId","fieldType":"isReference","entConfig":{"name":"RegisterADonor","id":"700C38DA-482F-452B-A28B-2D2DDC2C1FE7","type":"T","alias":"registerADonor","initParentAlias":"registerADonor"},"fieldConfig":{"fieldName":"donorId","name":"donorId","initParentAlias":"registerADonor","alias":"registerADonor.donorId","displayName":"donorId","fieldType":"java.lang.String","dataType":"VARCHAR","xtype":"textfield","fieldSize":"256","isPKey":true}},"operator":"=","right":{"name":"donorId","value":"donorVisit.donorId","valueType":1,"dataType":"VARCHAR","displayName":"donorId","widget":"combo","alias":"DonorVisit","placeHolder":"donorId","fieldType":"isReference","entConfig":{"name":"DonorVisit","id":"03A48A46-A8BC-478D-837D-F9EE7DA05186","type":"T","alias":"donorVisit","initParentAlias":"donorVisit"},"fieldConfig":{"fieldName":"donorId","name":"donorId","initParentAlias":"donorVisit","alias":"donorVisit.donorId","displayName":"donorId","fieldType":"java.lang.String","dataType":"VARCHAR","xtype":"combo","fieldSize":"256","isPKey":false}}},{"relation":"AND"},{"_connIndex":"m9b26411-0076-4504-03d7-6b07b4a1b89c","_parentIndex":"isWhereRoot","left":{"name":"countryId","value":"registerACamp.address.countryId","valueType":1,"dataType":"VARCHAR","displayName":"Country","widget":"combo","alias":"Address","placeHolder":"countryId","fieldType":"isReference","entConfig":{"name":"Address","id":"2F1DB88E-9F02-49F4-9F25-05B69A687849","type":"T","alias":"registerACamp.address","initParentAlias":"registerACamp","relationType":"11","isEntity":true},"fieldConfig":{"fieldName":"countryId","name":"countryId","initParentAlias":"registerACamp","alias":"registerACamp.address.countryId","displayName":"Country","fieldType":"java.lang.String","dataType":"VARCHAR","xtype":"combo","fieldSize":"64","isPKey":false}},"operator":"=","right":{"name":"countryId","value":"city.countryId","valueType":1,"dataType":"VARCHAR","displayName":"Country","widget":"combo","alias":"City","placeHolder":"countryId","fieldType":"isReference","entConfig":{"name":"City","id":"A4665020-2607-4249-B13D-1BDE28293048","type":"M","alias":"city","initParentAlias":"city"},"fieldConfig":{"fieldName":"countryId","name":"countryId","initParentAlias":"city","alias":"city.countryId","displayName":"Country","fieldType":"java.lang.String","dataType":"VARCHAR","xtype":"combo","fieldSize":"64","isPKey":false}}},{"relation":"AND"},{"_connIndex":"500222n8-6aa0-4960-b2nb-d6061m93d0nb","_parentIndex":"isWhereRoot","left":{"name":"stateId","value":"registerACamp.address.stateId","valueType":1,"dataType":"VARCHAR","displayName":"State","widget":"combo","alias":"Address","placeHolder":"stateId","fieldType":"isReference","entConfig":{"name":"Address","id":"2F1DB88E-9F02-49F4-9F25-05B69A687849","type":"T","alias":"registerACamp.address","initParentAlias":"registerACamp","relationType":"11","isEntity":true},"fieldConfig":{"fieldName":"stateId","name":"stateId","initParentAlias":"registerACamp","alias":"registerACamp.address.stateId","displayName":"State","fieldType":"java.lang.String","dataType":"VARCHAR","xtype":"combo","fieldSize":"64","isPKey":false}},"operator":"=","right":{"name":"stateId","value":"city.stateId","valueType":1,"dataType":"VARCHAR","displayName":"State","widget":"combo","alias":"City","placeHolder":"stateId","fieldType":"isReference","entConfig":{"name":"City","id":"A4665020-2607-4249-B13D-1BDE28293048","type":"M","alias":"city","initParentAlias":"city"},"fieldConfig":{"fieldName":"stateId","name":"stateId","initParentAlias":"city","alias":"city.stateId","displayName":"State","fieldType":"java.lang.String","dataType":"VARCHAR","xtype":"combo","fieldSize":"64","isPKey":false}}},{"relation":"AND"},{"_connIndex":"89355424-0cnb-42n5-15dm-2an02488d196","_parentIndex":"isWhereRoot","left":{"name":"cityId","value":"registerACamp.address.cityId","valueType":1,"dataType":"VARCHAR","displayName":"City","widget":"combo","alias":"Address","placeHolder":"cityId","fieldType":"isReference","entConfig":{"name":"Address","id":"2F1DB88E-9F02-49F4-9F25-05B69A687849","type":"T","alias":"registerACamp.address","initParentAlias":"registerACamp","relationType":"11","isEntity":true},"fieldConfig":{"fieldName":"cityId","name":"cityId","initParentAlias":"registerACamp","alias":"registerACamp.address.cityId","displayName":"City","fieldType":"java.lang.String","dataType":"VARCHAR","xtype":"combo","fieldSize":"64","isPKey":false}},"operator":"=","right":{"name":"cityId","value":"city.cityId","valueType":1,"dataType":"VARCHAR","displayName":"City Id","widget":"textfield","alias":"City","placeHolder":"cityId","fieldType":"isReference","entConfig":{"name":"City","id":"A4665020-2607-4249-B13D-1BDE28293048","type":"M","alias":"city","initParentAlias":"city"},"fieldConfig":{"fieldName":"cityId","name":"cityId","initParentAlias":"city","alias":"city.cityId","displayName":"City Id","fieldType":"java.lang.String","dataType":"VARCHAR","xtype":"textfield","fieldSize":"64","isPKey":true}}},{"relation":"AND"},{"_connIndex":"m79a6661-6073-4c66-1504-6496938d4ma3","_parentIndex":"isWhereRoot","left":{"name":"campId","value":"registerDonorToCamp.campId","valueType":1,"dataType":"VARCHAR","displayName":"campId","widget":"combo","alias":"RegisterDonorToCamp","placeHolder":"campId","fieldType":"isReference","entConfig":{"name":"RegisterDonorToCamp","id":"E85D98C3-A815-49A3-8B65-4FDFC0C4FC2E","type":"T","alias":"registerDonorToCamp","initParentAlias":"registerDonorToCamp"},"fieldConfig":{"fieldName":"campId","name":"campId","initParentAlias":"registerDonorToCamp","alias":"registerDonorToCamp.campId","displayName":"campId","fieldType":"java.lang.String","dataType":"VARCHAR","xtype":"combo","fieldSize":"256","isPKey":false}},"operator":"=","right":{"name":"campId","value":"donorVisit.campId","valueType":1,"dataType":"VARCHAR","displayName":"campId","widget":"combo","alias":"DonorVisit","placeHolder":"campId","fieldType":"isReference","entConfig":{"name":"DonorVisit","id":"03A48A46-A8BC-478D-837D-F9EE7DA05186","type":"T","alias":"donorVisit","initParentAlias":"donorVisit"},"fieldConfig":{"fieldName":"campId","name":"campId","initParentAlias":"donorVisit","alias":"donorVisit.campId","displayName":"campId","fieldType":"java.lang.String","dataType":"VARCHAR","xtype":"combo","fieldSize":"256","isPKey":false}}},{"relation":"AND"},{"_connIndex":"a364mbbd-dma1-4696-0c0m-2ana36158611","_parentIndex":"isWhereRoot","left":{"name":"campId","value":"registerACamp.campId","valueType":1,"dataType":"VARCHAR","displayName":"campId","widget":"textfield","alias":"RegisterACamp","placeHolder":"campId","fieldType":"isReference","entConfig":{"name":"RegisterACamp","id":"DDEBD7FB-07FC-4670-81F6-4B009B298AA8","type":"T","alias":"registerACamp","initParentAlias":"registerACamp"},"fieldConfig":{"fieldName":"campId","name":"campId","initParentAlias":"registerACamp","alias":"registerACamp.campId","displayName":"campId","fieldType":"java.lang.String","dataType":"VARCHAR","xtype":"textfield","fieldSize":"256","isPKey":true}},"operator":"=","right":{"name":"campId2","value":":campId2","valueType":2,"dataType":"VARCHAR","displayName":"campId","widget":"textfield","alias":"RegisterACamp","placeHolder":"campId2","fieldType":"isDynamic","entConfig":{"name":"RegisterACamp","id":"DDEBD7FB-07FC-4670-81F6-4B009B298AA8","type":"T","alias":"registerACamp","initParentAlias":"registerACamp"},"fieldConfig":{"fieldName":"campId","name":"campId","initParentAlias":"registerACamp","alias":"registerACamp.campId","displayName":"campId","fieldType":"java.lang.String","dataType":"VARCHAR","xtype":"textfield","fieldSize":"256","isPKey":true}}},{"relation":"AND"},{"_connIndex":"mbndd870-d350-4n75-1838-66083576mb62","_parentIndex":"isWhereRoot","left":{"name":"visitId","value":"donorVisit.visitId","valueType":1,"dataType":"VARCHAR","displayName":"visitId","widget":"textfield","alias":"DonorVisit","placeHolder":"visitId","fieldType":"isReference","entConfig":{"name":"DonorVisit","id":"03A48A46-A8BC-478D-837D-F9EE7DA05186","type":"T","alias":"donorVisit","initParentAlias":"donorVisit"},"fieldConfig":{"fieldName":"visitId","name":"visitId","initParentAlias":"donorVisit","alias":"donorVisit.visitId","displayName":"visitId","fieldType":"java.lang.String","dataType":"VARCHAR","xtype":"textfield","fieldSize":"256","isPKey":true}},"operator":"=","right":{"name":"visitId","value":":visitId","valueType":2,"dataType":"VARCHAR","displayName":"visitId","widget":"textfield","alias":"DonorVisit","placeHolder":"visitId","fieldType":"isDynamic","entConfig":{"name":"DonorVisit","id":"03A48A46-A8BC-478D-837D-F9EE7DA05186","type":"T","alias":"donorVisit","initParentAlias":"donorVisit"},"fieldConfig":{"fieldName":"visitId","name":"visitId","initParentAlias":"donorVisit","alias":"donorVisit.visitId","displayName":"visitId","fieldType":"java.lang.String","dataType":"VARCHAR","xtype":"textfield","fieldSize":"256","isPKey":true}}}],"fields":[{"fieldName":"cityName","name":"cityName","initParentAlias":"city","alias":"city.cityName","displayName":"City Name","fieldType":"java.lang.String","dataType":"VARCHAR","xtype":"textfield","fieldSize":"256","isPKey":false},{"fieldName":"dName","name":"dName","initParentAlias":"registerADonor","alias":"registerADonor.dName","displayName":"Donor Name","fieldType":"java.lang.String","dataType":"VARCHAR","xtype":"textfield","fieldSize":"256","isPKey":false},{"fieldName":"gender","name":"gender","initParentAlias":"registerADonor","alias":"registerADonor.gender","displayName":"Gender","fieldType":"java.lang.String","dataType":"VARCHAR","xtype":"combo","fieldSize":"64","isPKey":false},{"fieldName":"bloodGroup","name":"bloodGroup","initParentAlias":"registerADonor","alias":"registerADonor.bloodGroup","displayName":"Blood Group","fieldType":"java.lang.String","dataType":"VARCHAR","xtype":"combo","fieldSize":"256","isPKey":false},{"fieldName":"phone","name":"phone","initParentAlias":"registerADonor","alias":"registerADonor.phone","displayName":"Phone No","fieldType":"java.lang.String","dataType":"VARCHAR","xtype":"textfield","fieldSize":"256","isPKey":false},{"fieldName":"visitId","name":"visitId","initParentAlias":"donorVisit","alias":"donorVisit.visitId","displayName":"visitId","fieldType":"java.lang.String","dataType":"VARCHAR","xtype":"textfield","fieldSize":"256","isPKey":true},{"fieldName":"height","name":"height","initParentAlias":"donorVisit","alias":"donorVisit.clinicalInfo.height","displayName":"Height","fieldType":"java.lang.String","dataType":"VARCHAR","xtype":"textfield","fieldSize":"256","isPKey":false},{"fieldName":"weight","name":"weight","initParentAlias":"donorVisit","alias":"donorVisit.clinicalInfo.weight","displayName":"Weight","fieldType":"java.lang.String","dataType":"VARCHAR","xtype":"textfield","fieldSize":"256","isPKey":false},{"fieldName":"temp","name":"temp","initParentAlias":"donorVisit","alias":"donorVisit.clinicalInfo.temp","displayName":"Temprature","fieldType":"java.lang.String","dataType":"VARCHAR","xtype":"textfield","fieldSize":"256","isPKey":false},{"fieldName":"bp","name":"bp","initParentAlias":"donorVisit","alias":"donorVisit.clinicalInfo.bp","displayName":"B.P.","fieldType":"java.lang.String","dataType":"VARCHAR","xtype":"textfield","fieldSize":"256","isPKey":false},{"fieldName":"pulse","name":"pulse","initParentAlias":"donorVisit","alias":"donorVisit.clinicalInfo.pulse","displayName":"Pulse","fieldType":"java.lang.String","dataType":"VARCHAR","xtype":"textfield","fieldSize":"256","isPKey":false},{"fieldName":"unitsOfBlood","name":"unitsOfBlood","initParentAlias":"donorVisit","alias":"donorVisit.clinicalInfo.unitsOfBlood","displayName":"Units Of Blood","fieldType":"java.lang.Integer","dataType":"INT","xtype":"numberfield","fieldSize":"10","isPKey":false},{"fieldName":"orgName","name":"orgName","initParentAlias":"registerACamp","alias":"registerACamp.orgName","displayName":"Organization Name","fieldType":"java.lang.String","dataType":"VARCHAR","xtype":"textfield","fieldSize":"256","isPKey":false},{"fieldName":"rsnForCamp","name":"rsnForCamp","initParentAlias":"registerACamp","alias":"registerACamp.rsnForCamp","displayName":"Reason For Camp","fieldType":"java.lang.String","dataType":"VARCHAR","xtype":"textfield","fieldSize":"256","isPKey":false},{"fieldName":"bloodBankName","name":"bloodBankName","initParentAlias":"registerACamp","alias":"registerACamp.bloodBankName","displayName":"Blood Bank Name","fieldType":"java.lang.String","dataType":"VARCHAR","xtype":"textfield","fieldSize":"256","isPKey":false},{"fieldName":"fromDate","name":"fromDate","initParentAlias":"registerACamp","alias":"registerACamp.fromDate","displayName":"From Date","fieldType":"java.sql.Date","dataType":"DATE","xtype":"datefield","fieldSize":"","isPKey":false},{"fieldName":"campTime","name":"campTime","initParentAlias":"registerACamp","alias":"registerACamp.campTime","displayName":"Camp Time","fieldType":"java.lang.String","dataType":"VARCHAR","xtype":"textfield","fieldSize":"256","isPKey":false},{"fieldName":"toDate","name":"toDate","initParentAlias":"registerACamp","alias":"registerACamp.toDate","displayName":"To Date","fieldType":"java.sql.Date","dataType":"DATE","xtype":"datefield","fieldSize":"","isPKey":false},{"fieldName":"campId","name":"campId","initParentAlias":"registerACamp","alias":"registerACamp.campId","displayName":"campId","fieldType":"java.lang.String","dataType":"VARCHAR","xtype":"textfield","fieldSize":"256","isPKey":true}],"inputParams":[{"dataType":"VARCHAR","placeHolder":"campId2","alias":"registerACamp.campId","fieldType":"java.lang.String"},{"dataType":"VARCHAR","placeHolder":"visitId","alias":"donorVisit.visitId","fieldType":"java.lang.String"}],"joinCondition":[]}#appfire#CampDetails#appfire#CAMPDETAILS#appfire#\N#appfire#XSWSVD9NMWSNLKYOUS6JXA#appfire#1#appfire#0#appfire#2015-11-19 22:26:03#appfire#0#appfire#2015-11-19 22:26:03#appfire#0#appfire#1#appfire#\N
254654A1-9BA5-4845-9143-D3F03066F9FC#appfire#SELECT zenHealthStatus.healthId,zenHealthStatus.scheduled_DateTime,zenHealthStatus.server_Instance_Id,zenHealthStatus.server_Ip_Address,\
FUNCTION('ROUND',100 - (zenHealthStatus.used_Space/zenHealthStatus.total_Space )* 100) AS free_Space,\
FUNCTION('ROUND',(zenHealthStatus.used_Space/zenHealthStatus.total_Space )* 100 ) AS used_Space,\
FUNCTION('ROUND',(zenHealthStatus.total_Space/1024)/1024) AS total_Space,\
zenHealthStatus.status FROM ZenHealthStatus AS zenHealthStatus\
  ORDER BY zenHealthStatus.scheduled_DateTime DESC#appfire#2#appfire#{"where":[],"fields":[{"fieldName":"healthId","name":"healthId","initParentAlias":"zenHealthStatus","alias":"zenHealthStatus.healthId","displayName":"healthId","fieldType":"java.lang.String","dataType":"VACHAR","xtype":"numberfield","fieldSize":"11","isPKey":true},{"fieldName":"scheduled_DateTime","name":"scheduled_DateTime","initParentAlias":"zenHealthStatus","alias":"zenHealthStatus.scheduled_DateTime","displayName":"scheduled_DateTime","fieldType":"java.sql.Timestamp","dataType":"DATETIME","xtype":"datefield","fieldSize":"","isPKey":false},{"fieldName":"server_Instance_Id","name":"server_Instance_Id","initParentAlias":"zenHealthStatus","alias":"zenHealthStatus.server_Instance_Id","displayName":"server_Instance_Id","fieldType":"java.lang.Integer","dataType":"INT","xtype":"textfield","fieldSize":"3","isPKey":false},{"fieldName":"server_Ip_Address","name":"server_Ip_Address","initParentAlias":"zenHealthStatus","alias":"zenHealthStatus.server_Ip_Address","displayName":"server_Ip_Address","fieldType":"java.lang.String","dataType":"VARCHAR","xtype":"textfield","fieldSize":"3","isPKey":false},{"fieldName":"free_Space","name":"free_Space","initParentAlias":"zenHealthStatus","alias":"zenHealthStatus.free_Space","displayName":"free_Space","fieldType":"java.lang.Double","dataType":"DOUBLE","xtype":"numberfield","fieldSize":"","isPKey":false},{"fieldName":"used_Space","name":"used_Space","initParentAlias":"zenHealthStatus","alias":"zenHealthStatus.used_Space","displayName":"used_Space","fieldType":"java.lang.Double","dataType":"DOUBLE","xtype":"numberfield","fieldSize":"","isPKey":false},{"fieldName":"total_Space","name":"total_Space","initParentAlias":"zenHealthStatus","alias":"zenHealthStatus.total_Space","displayName":"total_Space","fieldType":"java.lang.Double","dataType":"DOUBLE","xtype":"numberfield","fieldSize":"","isPKey":false},{"fieldName":"status","name":"status","initParentAlias":"zenHealthStatus","alias":"zenHealthStatus.status","displayName":"status","fieldType":"java.lang.String","dataType":"VARCHAR","xtype":"textfield","fieldSize":"256","isPKey":false}],"inputParams":[]}#appfire#System Memory Usage#appfire#SYSTEM MEMORY USAGE#appfire#ba9dced8-453e-49a3-b627-d497a1f91b17#appfire#XSWSVD9NMWSNLKYOUS6JXA#appfire#1#appfire#0#appfire#2015-11-19 22:26:03#appfire#0#appfire#2015-11-19 22:26:03#appfire#0#appfire#1#appfire#\N
30D1A20A-E4B0-4B45-8D0D-B7D16CF25873#appfire#SELECT bloodGroup.bloodGrp FROM BloodGroup AS bloodGroup,RegisterADonor AS registerADonor,DonorVisit AS donorVisit,BloodInfo AS bloodInfo \
 WHERE \
  bloodGroup.bloodGrpId = registerADonor.bloodGroup \
 AND registerADonor.donorId = donorVisit.donorId \
 AND donorVisit.visitId = bloodInfo.visitId \
 \
 \
 #appfire#2#appfire#{"where":[{"_connIndex":"c76mc1dm-4c76-4a1a-0a94-74ab64mm0cnn","_parentIndex":"isWhereRoot","left":{"name":"bloodGrpId","value":"bloodGroup.bloodGrpId","valueType":1,"dataType":"VARCHAR","displayName":"bloodGrpId","widget":"textfield","alias":"BloodGroup","placeHolder":"bloodGrpId","fieldType":"isReference","entConfig":{"name":"BloodGroup","id":"2B9AAC20-96B4-4FA1-82B4-EE6E95B4E7DA","type":"M","alias":"bloodGroup","initParentAlias":"bloodGroup"},"fieldConfig":{"fieldName":"bloodGrpId","name":"bloodGrpId","initParentAlias":"bloodGroup","alias":"bloodGroup.bloodGrpId","displayName":"bloodGrpId","fieldType":"java.lang.String","dataType":"VARCHAR","xtype":"textfield","fieldSize":"256","isPKey":true}},"operator":"=","right":{"name":"bloodGroup","value":"registerADonor.bloodGroup","valueType":1,"dataType":"VARCHAR","displayName":"Blood Group","widget":"combo","alias":"RegisterADonor","placeHolder":"bloodGroup","fieldType":"isReference","entConfig":{"name":"RegisterADonor","id":"700C38DA-482F-452B-A28B-2D2DDC2C1FE7","type":"T","alias":"registerADonor","initParentAlias":"registerADonor"},"fieldConfig":{"fieldName":"bloodGroup","name":"bloodGroup","initParentAlias":"registerADonor","alias":"registerADonor.bloodGroup","displayName":"Blood Group","fieldType":"java.lang.String","dataType":"VARCHAR","xtype":"combo","fieldSize":"256","isPKey":false}}},{"relation":"AND"},{"_connIndex":"26c012n1-64c1-461d-0ncn-186d8031b12c","_parentIndex":"isWhereRoot","left":{"name":"donorId","value":"registerADonor.donorId","valueType":1,"dataType":"VARCHAR","displayName":"donorId","widget":"textfield","alias":"RegisterADonor","placeHolder":"donorId","fieldType":"isReference","entConfig":{"name":"RegisterADonor","id":"700C38DA-482F-452B-A28B-2D2DDC2C1FE7","type":"T","alias":"registerADonor","initParentAlias":"registerADonor"},"fieldConfig":{"fieldName":"donorId","name":"donorId","initParentAlias":"registerADonor","alias":"registerADonor.donorId","displayName":"donorId","fieldType":"java.lang.String","dataType":"VARCHAR","xtype":"textfield","fieldSize":"256","isPKey":true}},"operator":"=","right":{"name":"donorId","value":"donorVisit.donorId","valueType":1,"dataType":"VARCHAR","displayName":"donorId","widget":"combo","alias":"DonorVisit","placeHolder":"donorId","fieldType":"isReference","entConfig":{"name":"DonorVisit","id":"03A48A46-A8BC-478D-837D-F9EE7DA05186","type":"T","alias":"donorVisit","initParentAlias":"donorVisit"},"fieldConfig":{"fieldName":"donorId","name":"donorId","initParentAlias":"donorVisit","alias":"donorVisit.donorId","displayName":"donorId","fieldType":"java.lang.String","dataType":"VARCHAR","xtype":"combo","fieldSize":"256","isPKey":false}}},{"relation":"AND"},{"_connIndex":"c87m0631-81c1-43n3-16c7-16bmb7327n5a","_parentIndex":"isWhereRoot","left":{"name":"visitId","value":"donorVisit.visitId","valueType":1,"dataType":"VARCHAR","displayName":"visitId","widget":"textfield","alias":"DonorVisit","placeHolder":"visitId","fieldType":"isReference","entConfig":{"name":"DonorVisit","id":"03A48A46-A8BC-478D-837D-F9EE7DA05186","type":"T","alias":"donorVisit","initParentAlias":"donorVisit"},"fieldConfig":{"fieldName":"visitId","name":"visitId","initParentAlias":"donorVisit","alias":"donorVisit.visitId","displayName":"visitId","fieldType":"java.lang.String","dataType":"VARCHAR","xtype":"textfield","fieldSize":"256","isPKey":true}},"operator":"=","right":{"name":"visitId","value":"bloodInfo.visitId","valueType":1,"dataType":"VARCHAR","displayName":"Donor Visit","widget":"combo","alias":"BloodInfo","placeHolder":"visitId","fieldType":"isReference","entConfig":{"name":"BloodInfo","id":"E3277C77-EACA-42AC-8323-3796566E798E","type":"T","alias":"bloodInfo","initParentAlias":"bloodInfo"},"fieldConfig":{"fieldName":"visitId","name":"visitId","initParentAlias":"bloodInfo","alias":"bloodInfo.visitId","displayName":"Donor Visit","fieldType":"java.lang.String","dataType":"VARCHAR","xtype":"combo","fieldSize":"256","isPKey":false}}}],"fields":[{"fieldName":"bloodGrp","name":"bloodGrp","initParentAlias":"bloodGroup","alias":"bloodGroup.bloodGrp","displayName":"Blood Group","fieldType":"java.lang.String","dataType":"VARCHAR","xtype":"textfield","fieldSize":"256","isPKey":false}],"inputParams":[],"joinCondition":[]}#appfire#NewFetchBG#appfire#NEWFETCHBG#appfire#ba9dced8-453e-49a3-b627-d497a1f91b17#appfire#XSWSVD9NMWSNLKYOUS6JXA#appfire#1#appfire#0#appfire#2015-11-19 22:26:03#appfire#0#appfire#2015-11-19 22:26:03#appfire#0#appfire#1#appfire#\N
36EAF27C-8D6C-4827-BD60-317008E08C43#appfire#select e from SessionData e where e.systemInfo.activeStatus=1 and e.appSessionId=:appSessionId and e.sessionKey =:sessionKey#appfire#1#appfire#\N#appfire#findBySessionKey#appfire#FINDBYSESSIONKEY#appfire#\N#appfire#XSWSVD9NMWSNLKYOUS6JXA#appfire#1#appfire#0#appfire#2015-11-19 22:26:03#appfire#0#appfire#2015-11-19 22:26:03#appfire#0#appfire#1#appfire#\N
3BCC374A-1D8F-4747-9C8D-564B177DCB6B#appfire#SELECT bloodRequest.numberofUnits,bloodRequest.bloodGroup,processBloodRequest.donorId FROM BloodRequest AS bloodRequest,ProcessBloodRequest AS processBloodRequest \
 WHERE \
  processBloodRequest.bloodRequestId = bloodRequest.bloodRequestId \
 GROUP BY  bloodRequest.bloodGroup\
 \
 #appfire#2#appfire#{"where":[{},{"_connIndex":"an7b8a5c-m25b-498n-bd36-72167a04c17n","_parentIndex":"isWhereRoot","left":{"name":"bloodRequestId","value":"processBloodRequest.bloodRequestId","valueType":1,"dataType":"VARCHAR","displayName":"Blood Request","widget":"combo","alias":"ProcessBloodRequest","placeHolder":"bloodRequestId","fieldType":"isReference","entConfig":{"name":"ProcessBloodRequest","id":"3B83741E-D800-48FF-BE96-27BCDC5BB20C","type":"T","alias":"processBloodRequest","initParentAlias":"processBloodRequest"},"fieldConfig":{"fieldName":"bloodRequestId","name":"bloodRequestId","initParentAlias":"processBloodRequest","alias":"processBloodRequest.bloodRequestId","displayName":"Blood Request","fieldType":"java.lang.String","dataType":"VARCHAR","xtype":"combo","fieldSize":"256","isPKey":false}},"operator":"=","right":{"name":"bloodRequestId","value":"bloodRequest.bloodRequestId","valueType":1,"dataType":"VARCHAR","displayName":"bloodRequestId","widget":"textfield","alias":"BloodRequest","placeHolder":"bloodRequestId","fieldType":"isReference","entConfig":{"name":"BloodRequest","id":"DE97A646-8494-4F6A-92D4-A90F94F1009E","type":"T","alias":"bloodRequest","initParentAlias":"bloodRequest"},"fieldConfig":{"fieldName":"bloodRequestId","name":"bloodRequestId","initParentAlias":"bloodRequest","alias":"bloodRequest.bloodRequestId","displayName":"bloodRequestId","fieldType":"java.lang.String","dataType":"VARCHAR","xtype":"textfield","fieldSize":"256","isPKey":true}}}],"fields":[{"fieldName":"numberofUnits","name":"numberofUnits","initParentAlias":"bloodRequest","alias":"bloodRequest.numberofUnits","displayName":"Number of Units","fieldType":"java.lang.Integer","dataType":"INT","xtype":"numberfield","fieldSize":"10","isPKey":false},{"fieldName":"bloodGroup","name":"bloodGroup","initParentAlias":"bloodRequest","alias":"bloodRequest.bloodGroup","displayName":"Blood Group","fieldType":"java.lang.String","dataType":"VARCHAR","xtype":"combo","fieldSize":"256","isPKey":false},{"fieldName":"donorId","name":"donorId","initParentAlias":"processBloodRequest","alias":"processBloodRequest.donorId","displayName":"Donar","fieldType":"java.lang.String","dataType":"VARCHAR","xtype":"combo","fieldSize":"256","isPKey":false}],"inputParams":[],"joinCondition":[]}#appfire#StockUpdate#appfire#STOCKUPDATE#appfire#\N#appfire#XSWSVD9NMWSNLKYOUS6JXA#appfire#1#appfire#0#appfire#2015-11-19 22:26:03#appfire#0#appfire#2015-11-19 22:26:03#appfire#0#appfire#1#appfire#\N
4BEC06F0-C150-410A-A2EF-20F8F3057A34#appfire#select e from SessionData e where e.systemInfo.activeStatus=1 and e.appSessionId=:appSessionId#appfire#1#appfire#\N#appfire#SessionData.findByAppSessionId#appfire#SESSIONDATA.FINDBYAPPSESSIONID#appfire#\N#appfire#XSWSVD9NMWSNLKYOUS6JXA#appfire#1#appfire#0#appfire#2015-11-19 22:26:03#appfire#0#appfire#2015-11-19 22:26:03#appfire#0#appfire#1#appfire#\N
6B4341E4-6BAF-4795-B0A5-DD96DBF51796#appfire#SELECT registerADonor.entityAudit.updatedDate,registerADonor.dName,registerADonor.dob,registerADonor.phone,registerADonor.lastDate,registerADonor.howOften,registerADonor.emailId,bloodGroup.bloodGrp,gender.gender,city.cityName FROM RegisterADonor AS registerADonor,BloodGroup AS bloodGroup,Gender AS gender,City AS city \
 WHERE \
  registerADonor.bloodGroup = bloodGroup.bloodGrpId \
 AND registerADonor.address.cityId = city.cityId \
 AND registerADonor.address.stateId = city.stateId \
 AND registerADonor.address.countryId = city.countryId \
 AND registerADonor.gender = gender.genderId \
 \
 \
 #appfire#2#appfire#{"where":[{"_connIndex":"3053208d-m71c-43m4-a54b-c7d0mn83m719","_parentIndex":"isWhereRoot","left":{"name":"bloodGroup","value":"registerADonor.bloodGroup","valueType":1,"dataType":"VARCHAR","displayName":"Blood Group","widget":"combo","alias":"RegisterADonor","placeHolder":"bloodGroup","fieldType":"isReference","entConfig":{"name":"RegisterADonor","id":"700C38DA-482F-452B-A28B-2D2DDC2C1FE7","type":"T","alias":"registerADonor","initParentAlias":"registerADonor"},"fieldConfig":{"fieldName":"bloodGroup","name":"bloodGroup","initParentAlias":"registerADonor","alias":"registerADonor.bloodGroup","displayName":"Blood Group","fieldType":"java.lang.String","dataType":"VARCHAR","xtype":"combo","fieldSize":"256","isPKey":false}},"operator":"=","right":{"name":"bloodGrpId","value":"bloodGroup.bloodGrpId","valueType":1,"dataType":"VARCHAR","displayName":"bloodGrpId","widget":"textfield","alias":"BloodGroup","placeHolder":"bloodGrpId","fieldType":"isReference","entConfig":{"name":"BloodGroup","id":"2B9AAC20-96B4-4FA1-82B4-EE6E95B4E7DA","type":"M","alias":"bloodGroup","initParentAlias":"bloodGroup"},"fieldConfig":{"fieldName":"bloodGrpId","name":"bloodGrpId","initParentAlias":"bloodGroup","alias":"bloodGroup.bloodGrpId","displayName":"bloodGrpId","fieldType":"java.lang.String","dataType":"VARCHAR","xtype":"textfield","fieldSize":"256","isPKey":true}}},{"relation":"AND"},{"_connIndex":"d989ac1a-mn8n-462n-1bma-b6622108n5m5","_parentIndex":"isWhereRoot","left":{"name":"cityId","value":"registerADonor.address.cityId","valueType":1,"dataType":"VARCHAR","displayName":"City","widget":"combo","alias":"Address","placeHolder":"cityId","fieldType":"isReference","entConfig":{"name":"Address","id":"2F1DB88E-9F02-49F4-9F25-05B69A687849","type":"T","alias":"registerADonor.address","initParentAlias":"registerADonor","relationType":"11","isEntity":true},"fieldConfig":{"fieldName":"cityId","name":"cityId","initParentAlias":"registerADonor","alias":"registerADonor.address.cityId","displayName":"City","fieldType":"java.lang.String","dataType":"VARCHAR","xtype":"combo","fieldSize":"64","isPKey":false}},"operator":"=","right":{"name":"cityId","value":"city.cityId","valueType":1,"dataType":"VARCHAR","displayName":"City Id","widget":"textfield","alias":"City","placeHolder":"cityId","fieldType":"isReference","entConfig":{"name":"City","id":"A4665020-2607-4249-B13D-1BDE28293048","type":"M","alias":"city","initParentAlias":"city"},"fieldConfig":{"fieldName":"cityId","name":"cityId","initParentAlias":"city","alias":"city.cityId","displayName":"City Id","fieldType":"java.lang.String","dataType":"VARCHAR","xtype":"textfield","fieldSize":"64","isPKey":true}}},{"relation":"AND"},{"_connIndex":"9mabd4dd-4057-4869-1d01-21a2511dmmm8","_parentIndex":"isWhereRoot","left":{"name":"stateId","value":"registerADonor.address.stateId","valueType":1,"dataType":"VARCHAR","displayName":"State","widget":"combo","alias":"Address","placeHolder":"stateId","fieldType":"isReference","entConfig":{"name":"Address","id":"2F1DB88E-9F02-49F4-9F25-05B69A687849","type":"T","alias":"registerADonor.address","initParentAlias":"registerADonor","relationType":"11","isEntity":true},"fieldConfig":{"fieldName":"stateId","name":"stateId","initParentAlias":"registerADonor","alias":"registerADonor.address.stateId","displayName":"State","fieldType":"java.lang.String","dataType":"VARCHAR","xtype":"combo","fieldSize":"64","isPKey":false}},"operator":"=","right":{"name":"stateId","value":"city.stateId","valueType":1,"dataType":"VARCHAR","displayName":"State","widget":"combo","alias":"City","placeHolder":"stateId","fieldType":"isReference","entConfig":{"name":"City","id":"A4665020-2607-4249-B13D-1BDE28293048","type":"M","alias":"city","initParentAlias":"city"},"fieldConfig":{"fieldName":"stateId","name":"stateId","initParentAlias":"city","alias":"city.stateId","displayName":"State","fieldType":"java.lang.String","dataType":"VARCHAR","xtype":"combo","fieldSize":"64","isPKey":false}}},{"relation":"AND"},{"_connIndex":"7m83a9mb-7128-4cn9-1dc2-82597dd188a5","_parentIndex":"isWhereRoot","left":{"name":"countryId","value":"registerADonor.address.countryId","valueType":1,"dataType":"VARCHAR","displayName":"Country","widget":"combo","alias":"Address","placeHolder":"countryId","fieldType":"isReference","entConfig":{"name":"Address","id":"2F1DB88E-9F02-49F4-9F25-05B69A687849","type":"T","alias":"registerADonor.address","initParentAlias":"registerADonor","relationType":"11","isEntity":true},"fieldConfig":{"fieldName":"countryId","name":"countryId","initParentAlias":"registerADonor","alias":"registerADonor.address.countryId","displayName":"Country","fieldType":"java.lang.String","dataType":"VARCHAR","xtype":"combo","fieldSize":"64","isPKey":false}},"operator":"=","right":{"name":"countryId","value":"city.countryId","valueType":1,"dataType":"VARCHAR","displayName":"Country","widget":"combo","alias":"City","placeHolder":"countryId","fieldType":"isReference","entConfig":{"name":"City","id":"A4665020-2607-4249-B13D-1BDE28293048","type":"M","alias":"city","initParentAlias":"city"},"fieldConfig":{"fieldName":"countryId","name":"countryId","initParentAlias":"city","alias":"city.countryId","displayName":"Country","fieldType":"java.lang.String","dataType":"VARCHAR","xtype":"combo","fieldSize":"64","isPKey":false}}},{"relation":"AND"},{"_connIndex":"c70168b1-2233-4a26-139b-cb75608d3mnd","_parentIndex":"isWhereRoot","left":{"name":"gender","value":"registerADonor.gender","valueType":1,"dataType":"VARCHAR","displayName":"Gender","widget":"combo","alias":"RegisterADonor","placeHolder":"gender","fieldType":"isReference","entConfig":{"name":"RegisterADonor","id":"700C38DA-482F-452B-A28B-2D2DDC2C1FE7","type":"T","alias":"registerADonor","initParentAlias":"registerADonor"},"fieldConfig":{"fieldName":"gender","name":"gender","initParentAlias":"registerADonor","alias":"registerADonor.gender","displayName":"Gender","fieldType":"java.lang.String","dataType":"VARCHAR","xtype":"combo","fieldSize":"64","isPKey":false}},"operator":"=","right":{"name":"genderId","value":"gender.genderId","valueType":1,"dataType":"VARCHAR","displayName":"Id","widget":"textfield","alias":"Gender","placeHolder":"genderId","fieldType":"isReference","entConfig":{"name":"Gender","id":"D194EA04-551B-4C2B-984E-FD71CE837730","type":"M","alias":"gender","initParentAlias":"gender"},"fieldConfig":{"fieldName":"genderId","name":"genderId","initParentAlias":"gender","alias":"gender.genderId","displayName":"Id","fieldType":"java.lang.String","dataType":"VARCHAR","xtype":"textfield","fieldSize":"64","isPKey":true}}}],"fields":[{"fieldName":"updatedDate","name":"updatedDate","initParentAlias":"registerADonor","alias":"registerADonor.entityAudit.updatedDate","displayName":"updatedDate","fieldType":"java.sql.Timestamp","dataType":"DATETIME","xtype":"datefield","fieldSize":"","isPKey":false},{"fieldName":"dName","name":"dName","initParentAlias":"registerADonor","alias":"registerADonor.dName","displayName":"Donor Name","fieldType":"java.lang.String","dataType":"VARCHAR","xtype":"textfield","fieldSize":"256","isPKey":false},{"fieldName":"dob","name":"dob","initParentAlias":"registerADonor","alias":"registerADonor.dob","displayName":"Date Of Birth","fieldType":"java.sql.Date","dataType":"DATE","xtype":"datefield","fieldSize":"","isPKey":false},{"fieldName":"phone","name":"phone","initParentAlias":"registerADonor","alias":"registerADonor.phone","displayName":"Phone No","fieldType":"java.lang.String","dataType":"VARCHAR","xtype":"textfield","fieldSize":"256","isPKey":false},{"fieldName":"lastDate","name":"lastDate","initParentAlias":"registerADonor","alias":"registerADonor.lastDate","displayName":"Last Donation Date","fieldType":"java.sql.Date","dataType":"DATE","xtype":"datefield","fieldSize":"","isPKey":false},{"fieldName":"howOften","name":"howOften","initParentAlias":"registerADonor","alias":"registerADonor.howOften","displayName":"How often have you donated in the past ?","fieldType":"java.lang.String","dataType":"VARCHAR","xtype":"textfield","fieldSize":"256","isPKey":false},{"fieldName":"emailId","name":"emailId","initParentAlias":"registerADonor","alias":"registerADonor.emailId","displayName":"Email Id","fieldType":"java.lang.String","dataType":"VARCHAR","xtype":"textfield","fieldSize":"256","isPKey":false},{"fieldName":"bloodGrp","name":"bloodGrp","initParentAlias":"bloodGroup","alias":"bloodGroup.bloodGrp","displayName":"Blood Group","fieldType":"java.lang.String","dataType":"VARCHAR","xtype":"textfield","fieldSize":"256","isPKey":false},{"fieldName":"gender","name":"gender","initParentAlias":"gender","alias":"gender.gender","displayName":"Gender","fieldType":"java.lang.String","dataType":"VARCHAR","xtype":"textfield","fieldSize":"256","isPKey":false},{"fieldName":"cityName","name":"cityName","initParentAlias":"city","alias":"city.cityName","displayName":"City Name","fieldType":"java.lang.String","dataType":"VARCHAR","xtype":"textfield","fieldSize":"256","isPKey":false}],"inputParams":[],"joinCondition":[]}#appfire#DonorList#appfire#DONORLIST#appfire#ba9dced8-453e-49a3-b627-d497a1f91b17#appfire#XSWSVD9NMWSNLKYOUS6JXA#appfire#1#appfire#0#appfire#2015-11-19 22:26:03#appfire#0#appfire#2015-11-19 22:26:03#appfire#0#appfire#1#appfire#\N
78A176A2-1573-4A9F-A262-953BB9E973A4#appfire#SELECT u FROM Login u WHERE u.systemInfo.activeStatus=1 AND u.user.userId NOT IN (SELECT ub.userId FROM UserRoleBridge ub)#appfire#1#appfire#\N#appfire#findUnMappedUser#appfire#FINDUNMAPPEDUSER#appfire#ba9dced8-453e-49a3-b627-d497a1f91b17#appfire#XSWSVD9NMWSNLKYOUS6JXA#appfire#1#appfire#0#appfire#2015-11-19 22:26:03#appfire#0#appfire#2015-11-19 22:26:03#appfire#0#appfire#1#appfire#\N
86A8B210-94BA-4CDC-9394-B9AD05EF7F15#appfire#SELECT zenRequestDetails.requestId,zenRequestDetails.class_Name,zenRequestDetails.ip_Address,zenRequestDetails.request_Time,zenRequestDetails.request_Method,zenRequestDetails.http_Status,zenRequestDetails.return_Status,zenRequestDetails.execution_Time,zenRequestDetails.method_Name,zenRequestDetails.end_Time,zenRequestDetails.typeofClass,zenRequestDetails.callSeqId,zenRequestDetails.exceptionId,zenRequestDetails.appSessionId,zenRequestDetails.userId,login.coreContacts.firstName FROM ZenRequestDetails AS zenRequestDetails LEFT JOIN Login AS login\
 WHERE login.user.userId = zenRequestDetails.userId \
 ORDER BY  zenRequestDetails.request_Time DESC\
#appfire#2#appfire#{"where":[{"_connIndex":"42adb488-n539-44d7-b3m3-53n30acb1188","_parentIndex":"isWhereRoot","left":{"name":"userId","value":"login.user.userId","valueType":1,"dataType":"VARCHAR","displayName":"userId","widget":"textfield","alias":"User","placeHolder":"userId","fieldType":"isReference","entConfig":{"name":"User","id":112,"type":"TP","alias":"login.user","initParentAlias":"login","relationType":"11","isEntity":true},"fieldConfig":{"fieldName":"userId","name":"userId","initParentAlias":"login","alias":"login.user.userId","displayName":"userId","fieldType":"java.lang.String","dataType":"VARCHAR","xtype":"textfield","fieldSize":"64","isPKey":true}},"operator":"=","right":{"name":"userId","value":"zenRequestDetails.userId","valueType":1,"dataType":"VARCHAR","displayName":"userId","widget":"textfield","alias":"ZenRequestDetails","placeHolder":"userId","fieldType":"isReference","entConfig":{"name":"ZenRequestDetails","id":126,"type":"M","alias":"zenRequestDetails","initParentAlias":"zenRequestDetails"},"fieldConfig":{"fieldName":"userId","name":"userId","initParentAlias":"zenRequestDetails","alias":"zenRequestDetails.userId","displayName":"userId","fieldType":"java.lang.String","dataType":"VARCHAR","xtype":"textfield","fieldSize":"256","isPKey":false}}}],"fields":[{"fieldName":"requestId","name":"requestId","initParentAlias":"zenRequestDetails","alias":"zenRequestDetails.requestId","displayName":"requestId","fieldType":"java.lang.String","dataType":"VARCHAR","xtype":"numberfield","fieldSize":"11","isPKey":true},{"fieldName":"class_Name","name":"class_Name","initParentAlias":"zenRequestDetails","alias":"zenRequestDetails.class_Name","displayName":"class_Name","fieldType":"java.lang.String","dataType":"VARCHAR","xtype":"textfield","fieldSize":"256","isPKey":false},{"fieldName":"ip_Address","name":"ip_Address","initParentAlias":"zenRequestDetails","alias":"zenRequestDetails.ip_Address","displayName":"ip_Address","fieldType":"java.lang.String","dataType":"VARCHAR","xtype":"textfield","fieldSize":"11","isPKey":false},{"fieldName":"request_Time","name":"request_Time","initParentAlias":"zenRequestDetails","alias":"zenRequestDetails.request_Time","displayName":"request_Time","fieldType":"java.sql.Timestamp","dataType":"DATETIME","xtype":"datefield","fieldSize":"","isPKey":false},{"fieldName":"request_Method","name":"request_Method","initParentAlias":"zenRequestDetails","alias":"zenRequestDetails.request_Method","displayName":"request_Method","fieldType":"java.lang.String","dataType":"VARCHAR","xtype":"textfield","fieldSize":"256","isPKey":false},{"fieldName":"http_Status","name":"http_Status","initParentAlias":"zenRequestDetails","alias":"zenRequestDetails.http_Status","displayName":"http_Status","fieldType":"java.lang.String","dataType":"VARCHAR","xtype":"textfield","fieldSize":"32","isPKey":false},{"fieldName":"return_Status","name":"return_Status","initParentAlias":"zenRequestDetails","alias":"zenRequestDetails.return_Status","displayName":"return_Status","fieldType":"java.lang.String","dataType":"VARCHAR","xtype":"textfield","fieldSize":"256","isPKey":false},{"fieldName":"execution_Time","name":"execution_Time","initParentAlias":"zenRequestDetails","alias":"zenRequestDetails.execution_Time","displayName":"execution_Time","fieldType":"java.lang.Double","dataType":"DOUBLE","xtype":"datefield","fieldSize":"","isPKey":false},{"fieldName":"method_Name","name":"method_Name","initParentAlias":"zenRequestDetails","alias":"zenRequestDetails.method_Name","displayName":"method_Name","fieldType":"java.lang.String","dataType":"VARCHAR","xtype":"textfield","fieldSize":"256","isPKey":false},{"fieldName":"end_Time","name":"end_Time","initParentAlias":"zenRequestDetails","alias":"zenRequestDetails.end_Time","displayName":"end_Time","fieldType":"java.sql.Timestamp","dataType":"DATETIME","xtype":"datefield","fieldSize":"","isPKey":false},{"fieldName":"typeofClass","name":"typeofClass","initParentAlias":"zenRequestDetails","alias":"zenRequestDetails.typeofClass","displayName":"typeofClass","fieldType":"java.lang.String","dataType":"VARCHAR","xtype":"numberfield","fieldSize":"256","isPKey":false},{"fieldName":"callSeqId","name":"callSeqId","initParentAlias":"zenRequestDetails","alias":"zenRequestDetails.callSeqId","displayName":"callSeqId","fieldType":"java.lang.Integer","dataType":"INT","xtype":"numberfield","fieldSize":"11","isPKey":false},{"fieldName":"exceptionId","name":"exceptionId","initParentAlias":"zenRequestDetails","alias":"zenRequestDetails.exceptionId","displayName":"exceptionId","fieldType":"java.lang.Integer","dataType":"INT","xtype":"numberfield","fieldSize":"11","isPKey":false},{"fieldName":"appSessionId","name":"appSessionId","initParentAlias":"zenRequestDetails","alias":"zenRequestDetails.appSessionId","displayName":"appSessionId","fieldType":"java.lang.String","dataType":"VARCHAR","xtype":"textfield","fieldSize":"256","isPKey":false},{"fieldName":"userId","name":"userId","initParentAlias":"zenRequestDetails","alias":"zenRequestDetails.userId","displayName":"userId","fieldType":"java.lang.String","dataType":"VARCHAR","xtype":"textfield","fieldSize":"256","isPKey":false},{"fieldName":"firstName","name":"firstName","initParentAlias":"login","alias":"login.coreContacts.firstName","displayName":"firstName","fieldType":"java.lang.String","dataType":"VARCHAR","xtype":"textfield","fieldSize":"256","isPKey":false}],"inputParams":[]}#appfire#Request Details#appfire#REQUEST DETAILS#appfire#ba9dced8-453e-49a3-b627-d497a1f91b17#appfire#XSWSVD9NMWSNLKYOUS6JXA#appfire#1#appfire#0#appfire#2015-11-19 22:26:03#appfire#0#appfire#2015-11-19 22:26:03#appfire#0#appfire#1#appfire#\N
87AC94B2-FE50-490C-9258-9566C010737E#appfire#delete from SessionData e where e.systemInfo.activeStatus=1 and e.appSessionId=:appSessionId#appfire#1#appfire#\N#appfire#deleteAllSessionData#appfire#DELETEALLSESSIONDATA#appfire#\N#appfire#XSWSVD9NMWSNLKYOUS6JXA#appfire#1#appfire#0#appfire#2015-11-19 22:26:03#appfire#0#appfire#2015-11-19 22:26:03#appfire#0#appfire#1#appfire#\N
A729E307-55D3-491D-8484-9DB1BF6EBD00#appfire#SELECT bloodRequest.dispatchedtoPatientOnDT,bloodRequest.dateneededby,bloodRequest.requestedbyHospital,bloodRequest.requestedByDr,bloodRequest.patientName,bloodRequest.numberofUnits,bloodRequest.bloodRequestId,bloodGroup.bloodGrp FROM BloodRequest AS bloodRequest,BloodGroup AS bloodGroup \
 WHERE \
  bloodRequest.bloodGroup = bloodGroup.bloodGrpId \
 \
 \
 #appfire#2#appfire#{"where":[{"_connIndex":"m5aa1cd8-ccd0-4983-aca6-8a1m4n1n9821","_parentIndex":"isWhereRoot","left":{"name":"bloodGroup","value":"bloodRequest.bloodGroup","valueType":1,"dataType":"VARCHAR","displayName":"Blood Group","widget":"combo","alias":"BloodRequest","placeHolder":"bloodGroup","fieldType":"isReference","entConfig":{"name":"BloodRequest","id":"DE97A646-8494-4F6A-92D4-A90F94F1009E","type":"T","alias":"bloodRequest","initParentAlias":"bloodRequest"},"fieldConfig":{"fieldName":"bloodGroup","name":"bloodGroup","initParentAlias":"bloodRequest","alias":"bloodRequest.bloodGroup","displayName":"Blood Group","fieldType":"java.lang.String","dataType":"VARCHAR","xtype":"combo","fieldSize":"256","isPKey":false}},"operator":"=","right":{"name":"bloodGrpId","value":"bloodGroup.bloodGrpId","valueType":1,"dataType":"VARCHAR","displayName":"bloodGrpId","widget":"textfield","alias":"BloodGroup","placeHolder":"bloodGrpId","fieldType":"isReference","entConfig":{"name":"BloodGroup","id":"2B9AAC20-96B4-4FA1-82B4-EE6E95B4E7DA","type":"M","alias":"bloodGroup","initParentAlias":"bloodGroup"},"fieldConfig":{"fieldName":"bloodGrpId","name":"bloodGrpId","initParentAlias":"bloodGroup","alias":"bloodGroup.bloodGrpId","displayName":"bloodGrpId","fieldType":"java.lang.String","dataType":"VARCHAR","xtype":"textfield","fieldSize":"256","isPKey":true}}}],"fields":[{"fieldName":"dispatchedtoPatientOnDT","name":"dispatchedtoPatientOnDT","initParentAlias":"bloodRequest","alias":"bloodRequest.dispatchedtoPatientOnDT","displayName":"Dispatched to Patient on D/T","fieldType":"java.sql.Date","dataType":"DATE","xtype":"datefield","fieldSize":"","isPKey":false},{"fieldName":"dateneededby","name":"dateneededby","initParentAlias":"bloodRequest","alias":"bloodRequest.dateneededby","displayName":"Date needed by","fieldType":"java.sql.Date","dataType":"DATE","xtype":"datefield","fieldSize":"","isPKey":false},{"fieldName":"requestedbyHospital","name":"requestedbyHospital","initParentAlias":"bloodRequest","alias":"bloodRequest.requestedbyHospital","displayName":"Requested by Hospital","fieldType":"java.lang.String","dataType":"VARCHAR","xtype":"textfield","fieldSize":"256","isPKey":false},{"fieldName":"requestedByDr","name":"requestedByDr","initParentAlias":"bloodRequest","alias":"bloodRequest.requestedByDr","displayName":"Requested By Dr.","fieldType":"java.lang.String","dataType":"VARCHAR","xtype":"textfield","fieldSize":"256","isPKey":false},{"fieldName":"patientName","name":"patientName","initParentAlias":"bloodRequest","alias":"bloodRequest.patientName","displayName":"Patient Name","fieldType":"java.lang.String","dataType":"VARCHAR","xtype":"textfield","fieldSize":"256","isPKey":false},{"fieldName":"numberofUnits","name":"numberofUnits","initParentAlias":"bloodRequest","alias":"bloodRequest.numberofUnits","displayName":"Number of Units","fieldType":"java.lang.Integer","dataType":"INT","xtype":"numberfield","fieldSize":"10","isPKey":false},{"fieldName":"bloodRequestId","name":"bloodRequestId","initParentAlias":"bloodRequest","alias":"bloodRequest.bloodRequestId","displayName":"bloodRequestId","fieldType":"java.lang.String","dataType":"VARCHAR","xtype":"textfield","fieldSize":"256","isPKey":true},{"fieldName":"bloodGrp","name":"bloodGrp","initParentAlias":"bloodGroup","alias":"bloodGroup.bloodGrp","displayName":"Blood Group","fieldType":"java.lang.String","dataType":"VARCHAR","xtype":"textfield","fieldSize":"256","isPKey":false}],"inputParams":[],"joinCondition":[]}#appfire#findByBloodGroup#appfire#FINDBYBLOODGROUP#appfire#ba9dced8-453e-49a3-b627-d497a1f91b17#appfire#XSWSVD9NMWSNLKYOUS6JXA#appfire#1#appfire#0#appfire#2015-11-19 22:26:03#appfire#0#appfire#2015-11-19 22:26:03#appfire#0#appfire#1#appfire#\N
A78D1BFC-733C-422C-803B-BD26DC7785BB#appfire#SELECT gender.gender,city.cityName,registerADonor.donorId,registerADonor.dName,registerADonor.dob,registerADonor.phone,registerADonor.emailId,registerADonor.lastDate,registerADonor.howOften,registerADonor.versionId,bloodGroup.bloodGrp FROM Gender AS gender,City AS city,RegisterADonor AS registerADonor,BloodGroup AS bloodGroup \
 WHERE \
  registerADonor.gender = gender.genderId \
 AND registerADonor.bloodGroup = bloodGroup.bloodGrpId \
 AND registerADonor.address.cityId = city.cityId \
 AND city.countryId = registerADonor.address.countryId \
 AND city.stateId = registerADonor.address.stateId \
 AND registerADonor.phone like :phone \
 AND registerADonor.emailId like :emailId \
 \
 \
 #appfire#2#appfire#{"where":[{"_connIndex":"3acbbb04-b28d-42a4-0nb5-c5748897m309","_parentIndex":"isWhereRoot","left":{"name":"gender","value":"registerADonor.gender","valueType":1,"dataType":"VARCHAR","displayName":"Gender","widget":"combo","alias":"RegisterADonor","placeHolder":"gender","fieldType":"isReference","entConfig":{"name":"RegisterADonor","id":"700C38DA-482F-452B-A28B-2D2DDC2C1FE7","type":"T","alias":"registerADonor","initParentAlias":"registerADonor"},"fieldConfig":{"fieldName":"gender","name":"gender","initParentAlias":"registerADonor","alias":"registerADonor.gender","displayName":"Gender","fieldType":"java.lang.String","dataType":"VARCHAR","xtype":"combo","fieldSize":"64","isPKey":false}},"operator":"=","right":{"name":"genderId","value":"gender.genderId","valueType":1,"dataType":"VARCHAR","displayName":"Id","widget":"textfield","alias":"Gender","placeHolder":"genderId","fieldType":"isReference","entConfig":{"name":"Gender","id":"D194EA04-551B-4C2B-984E-FD71CE837730","type":"M","alias":"gender","initParentAlias":"gender"},"fieldConfig":{"fieldName":"genderId","name":"genderId","initParentAlias":"gender","alias":"gender.genderId","displayName":"Id","fieldType":"java.lang.String","dataType":"VARCHAR","xtype":"textfield","fieldSize":"64","isPKey":true}}},{"relation":"AND"},{"_connIndex":"35cbm236-6c28-455d-17ma-b497429062db","_parentIndex":"isWhereRoot","left":{"name":"bloodGroup","value":"registerADonor.bloodGroup","valueType":1,"dataType":"VARCHAR","displayName":"Blood Group","widget":"combo","alias":"RegisterADonor","placeHolder":"bloodGroup","fieldType":"isReference","entConfig":{"name":"RegisterADonor","id":"700C38DA-482F-452B-A28B-2D2DDC2C1FE7","type":"T","alias":"registerADonor","initParentAlias":"registerADonor"},"fieldConfig":{"fieldName":"bloodGroup","name":"bloodGroup","initParentAlias":"registerADonor","alias":"registerADonor.bloodGroup","displayName":"Blood Group","fieldType":"java.lang.String","dataType":"VARCHAR","xtype":"combo","fieldSize":"256","isPKey":false}},"operator":"=","right":{"name":"bloodGrpId","value":"bloodGroup.bloodGrpId","valueType":1,"dataType":"VARCHAR","displayName":"bloodGrpId","widget":"textfield","alias":"BloodGroup","placeHolder":"bloodGrpId","fieldType":"isReference","entConfig":{"name":"BloodGroup","id":"2B9AAC20-96B4-4FA1-82B4-EE6E95B4E7DA","type":"M","alias":"bloodGroup","initParentAlias":"bloodGroup"},"fieldConfig":{"fieldName":"bloodGrpId","name":"bloodGrpId","initParentAlias":"bloodGroup","alias":"bloodGroup.bloodGrpId","displayName":"bloodGrpId","fieldType":"java.lang.String","dataType":"VARCHAR","xtype":"textfield","fieldSize":"256","isPKey":true}}},{"relation":"AND"},{"_connIndex":"16495a40-7c00-4627-adn1-4042n9n1a81b","_parentIndex":"isWhereRoot","left":{"name":"cityId","value":"registerADonor.address.cityId","valueType":1,"dataType":"VARCHAR","displayName":"City","widget":"combo","alias":"Address","placeHolder":"cityId","fieldType":"isReference","entConfig":{"name":"Address","id":"2F1DB88E-9F02-49F4-9F25-05B69A687849","type":"T","alias":"registerADonor.address","initParentAlias":"registerADonor","relationType":"11","isEntity":true},"fieldConfig":{"fieldName":"cityId","name":"cityId","initParentAlias":"registerADonor","alias":"registerADonor.address.cityId","displayName":"City","fieldType":"java.lang.String","dataType":"VARCHAR","xtype":"combo","fieldSize":"64","isPKey":false}},"operator":"=","right":{"name":"cityId","value":"city.cityId","valueType":1,"dataType":"VARCHAR","displayName":"City Id","widget":"textfield","alias":"City","placeHolder":"cityId","fieldType":"isReference","entConfig":{"name":"City","id":"A4665020-2607-4249-B13D-1BDE28293048","type":"M","alias":"city","initParentAlias":"city"},"fieldConfig":{"fieldName":"cityId","name":"cityId","initParentAlias":"city","alias":"city.cityId","displayName":"City Id","fieldType":"java.lang.String","dataType":"VARCHAR","xtype":"textfield","fieldSize":"64","isPKey":true}}},{"relation":"AND"},{"_connIndex":"c31na6b2-c032-4n09-bmb0-6297dn08a42d","_parentIndex":"isWhereRoot","left":{"name":"countryId","value":"city.countryId","valueType":1,"dataType":"VARCHAR","displayName":"Country","widget":"combo","alias":"City","placeHolder":"countryId","fieldType":"isReference","entConfig":{"name":"City","id":"A4665020-2607-4249-B13D-1BDE28293048","type":"M","alias":"city","initParentAlias":"city"},"fieldConfig":{"fieldName":"countryId","name":"countryId","initParentAlias":"city","alias":"city.countryId","displayName":"Country","fieldType":"java.lang.String","dataType":"VARCHAR","xtype":"combo","fieldSize":"64","isPKey":false}},"operator":"=","right":{"name":"countryId","value":"registerADonor.address.countryId","valueType":1,"dataType":"VARCHAR","displayName":"Country","widget":"combo","alias":"Address","placeHolder":"countryId","fieldType":"isReference","entConfig":{"name":"Address","id":"2F1DB88E-9F02-49F4-9F25-05B69A687849","type":"T","alias":"registerADonor.address","initParentAlias":"registerADonor","relationType":"11","isEntity":true},"fieldConfig":{"fieldName":"countryId","name":"countryId","initParentAlias":"registerADonor","alias":"registerADonor.address.countryId","displayName":"Country","fieldType":"java.lang.String","dataType":"VARCHAR","xtype":"combo","fieldSize":"64","isPKey":false}}},{"relation":"AND"},{"_connIndex":"39d78b09-1210-4972-1m45-139da208n98c","_parentIndex":"isWhereRoot","left":{"name":"stateId","value":"city.stateId","valueType":1,"dataType":"VARCHAR","displayName":"State","widget":"combo","alias":"City","placeHolder":"stateId","fieldType":"isReference","entConfig":{"name":"City","id":"A4665020-2607-4249-B13D-1BDE28293048","type":"M","alias":"city","initParentAlias":"city"},"fieldConfig":{"fieldName":"stateId","name":"stateId","initParentAlias":"city","alias":"city.stateId","displayName":"State","fieldType":"java.lang.String","dataType":"VARCHAR","xtype":"combo","fieldSize":"64","isPKey":false}},"operator":"=","right":{"name":"stateId","value":"registerADonor.address.stateId","valueType":1,"dataType":"VARCHAR","displayName":"State","widget":"combo","alias":"Address","placeHolder":"stateId","fieldType":"isReference","entConfig":{"name":"Address","id":"2F1DB88E-9F02-49F4-9F25-05B69A687849","type":"T","alias":"registerADonor.address","initParentAlias":"registerADonor","relationType":"11","isEntity":true},"fieldConfig":{"fieldName":"stateId","name":"stateId","initParentAlias":"registerADonor","alias":"registerADonor.address.stateId","displayName":"State","fieldType":"java.lang.String","dataType":"VARCHAR","xtype":"combo","fieldSize":"64","isPKey":false}}},{"relation":"AND"},{"_connIndex":"m08anc83-9a5a-4bm9-0858-6bcm37a7b37c","_parentIndex":"isWhereRoot","left":{"name":"phone","value":"registerADonor.phone","valueType":1,"dataType":"VARCHAR","displayName":"Phone No","widget":"textfield","alias":"RegisterADonor","placeHolder":"phone","fieldType":"isReference","entConfig":{"name":"RegisterADonor","id":"700C38DA-482F-452B-A28B-2D2DDC2C1FE7","type":"T","alias":"registerADonor","initParentAlias":"registerADonor"},"fieldConfig":{"fieldName":"phone","name":"phone","initParentAlias":"registerADonor","alias":"registerADonor.phone","displayName":"Phone No","fieldType":"java.lang.String","dataType":"VARCHAR","xtype":"textfield","fieldSize":"256","isPKey":false}},"operator":"like","right":{"name":"phone","value":":phone","valueType":2,"dataType":"VARCHAR","displayName":"Phone No","widget":"textfield","alias":"RegisterADonor","placeHolder":"phone","fieldType":"isDynamic","entConfig":{"name":"RegisterADonor","id":"700C38DA-482F-452B-A28B-2D2DDC2C1FE7","type":"T","alias":"registerADonor","initParentAlias":"registerADonor"},"fieldConfig":{"fieldName":"phone","name":"phone","initParentAlias":"registerADonor","alias":"registerADonor.phone","displayName":"Phone No","fieldType":"java.lang.String","dataType":"VARCHAR","xtype":"textfield","fieldSize":"256","isPKey":false}}},{"relation":"AND"},{"_connIndex":"063b988c-b1a3-473m-b4a0-7cc0bdn81mnd","_parentIndex":"isWhereRoot","left":{"name":"emailId","value":"registerADonor.emailId","valueType":1,"dataType":"VARCHAR","displayName":"Email Id","widget":"textfield","alias":"RegisterADonor","placeHolder":"emailId","fieldType":"isReference","entConfig":{"name":"RegisterADonor","id":"700C38DA-482F-452B-A28B-2D2DDC2C1FE7","type":"T","alias":"registerADonor","initParentAlias":"registerADonor"},"fieldConfig":{"fieldName":"emailId","name":"emailId","initParentAlias":"registerADonor","alias":"registerADonor.emailId","displayName":"Email Id","fieldType":"java.lang.String","dataType":"VARCHAR","xtype":"textfield","fieldSize":"256","isPKey":false}},"operator":"like","right":{"name":"emailId","value":":emailId","valueType":2,"dataType":"VARCHAR","displayName":"Email Id","widget":"textfield","alias":"RegisterADonor","placeHolder":"emailId","fieldType":"isDynamic","entConfig":{"name":"RegisterADonor","id":"700C38DA-482F-452B-A28B-2D2DDC2C1FE7","type":"T","alias":"registerADonor","initParentAlias":"registerADonor"},"fieldConfig":{"fieldName":"emailId","name":"emailId","initParentAlias":"registerADonor","alias":"registerADonor.emailId","displayName":"Email Id","fieldType":"java.lang.String","dataType":"VARCHAR","xtype":"textfield","fieldSize":"256","isPKey":false}}}],"fields":[{"fieldName":"gender","name":"gender","initParentAlias":"gender","alias":"gender.gender","displayName":"Gender","fieldType":"java.lang.String","dataType":"VARCHAR","xtype":"textfield","fieldSize":"256","isPKey":false},{"fieldName":"cityName","name":"cityName","initParentAlias":"city","alias":"city.cityName","displayName":"City Name","fieldType":"java.lang.String","dataType":"VARCHAR","xtype":"textfield","fieldSize":"256","isPKey":false},{"fieldName":"donorId","name":"donorId","initParentAlias":"registerADonor","alias":"registerADonor.donorId","displayName":"donorId","fieldType":"java.lang.String","dataType":"VARCHAR","xtype":"textfield","fieldSize":"256","isPKey":true},{"fieldName":"dName","name":"dName","initParentAlias":"registerADonor","alias":"registerADonor.dName","displayName":"Donor Name","fieldType":"java.lang.String","dataType":"VARCHAR","xtype":"textfield","fieldSize":"256","isPKey":false},{"fieldName":"dob","name":"dob","initParentAlias":"registerADonor","alias":"registerADonor.dob","displayName":"Date Of Birth","fieldType":"java.sql.Date","dataType":"DATE","xtype":"datefield","fieldSize":"","isPKey":false},{"fieldName":"phone","name":"phone","initParentAlias":"registerADonor","alias":"registerADonor.phone","displayName":"Phone No","fieldType":"java.lang.String","dataType":"VARCHAR","xtype":"textfield","fieldSize":"256","isPKey":false},{"fieldName":"emailId","name":"emailId","initParentAlias":"registerADonor","alias":"registerADonor.emailId","displayName":"Email Id","fieldType":"java.lang.String","dataType":"VARCHAR","xtype":"textfield","fieldSize":"256","isPKey":false},{"fieldName":"lastDate","name":"lastDate","initParentAlias":"registerADonor","alias":"registerADonor.lastDate","displayName":"Last Donation Date","fieldType":"java.sql.Date","dataType":"DATE","xtype":"datefield","fieldSize":"","isPKey":false},{"fieldName":"howOften","name":"howOften","initParentAlias":"registerADonor","alias":"registerADonor.howOften","displayName":"How often have you donated in the past ?","fieldType":"java.lang.String","dataType":"VARCHAR","xtype":"textfield","fieldSize":"256","isPKey":false},{"fieldName":"versionId","name":"versionId","initParentAlias":"registerADonor","alias":"registerADonor.versionId","displayName":"versionId","fieldType":"java.lang.Integer","dataType":"INT","xtype":"numberfield","fieldSize":"11","isPKey":false},{"fieldName":"bloodGrp","name":"bloodGrp","initParentAlias":"bloodGroup","alias":"bloodGroup.bloodGrp","displayName":"Blood Group","fieldType":"java.lang.String","dataType":"VARCHAR","xtype":"textfield","fieldSize":"256","isPKey":false}],"inputParams":[{"dataType":"VARCHAR","placeHolder":"phone","alias":"registerADonor.phone","fieldType":"java.lang.String"},{"dataType":"VARCHAR","placeHolder":"emailId","alias":"registerADonor.emailId","fieldType":"java.lang.String"}],"joinCondition":[]}#appfire#DonorListQC#appfire#DONORLISTQC#appfire#ba9dced8-453e-49a3-b627-d497a1f91b17#appfire#XSWSVD9NMWSNLKYOUS6JXA#appfire#1#appfire#0#appfire#2015-11-19 22:26:03#appfire#0#appfire#2015-11-19 22:26:03#appfire#0#appfire#1#appfire#\N
CCC8BF5C-5303-4091-AE89-83331784BD3B#appfire#SELECT zenHealth.monitor_id,zenHealth.scheduled_DateTime,zenHealth.server_Instance_Id,zenHealth.server_Ip_Address,zenHealth.total_Class,zenHealth.class_Loaded,\
zenHealth.class_Unloaded,zenHealth.gc_Collection_Time,zenHealth.gc_Memory_Name,\
(zenHealth.non_Heap_Committed/1024)/1024 AS  non_Heap_Committed,\
(zenHealth.non_Heap_used/1024)/1024 AS non_Heap_used,\
(zenHealth.heap_Committed/1024)/1024 AS heap_Committed,\
(zenHealth.max_Memory/1024)/1024  AS max_memory ,\
 100 - ((zenHealth.used_Memory/zenHealth.total_Memory) * 100) AS free_Memory,\
(zenHealth.heap_Used/1024)/1024 AS heap_Used,\
(zenHealth.total_Memory/1024)/1024 AS total_Memory,\
zenHealth.start_Time, zenHealth.up_Time,zenHealth.cpu_Time,\
(zenHealth.free_Physical_Size/1024)/1024 AS free_Physical_Size,\
(zenHealth.total_Physical_Memory_Size/1024)/1024 AS total_Physical_Memory_Size,\
zenHealth.cpu_Load_Time,\
FUNCTION('ROUND',(zenHealth.free_Swap_Size/1024)/1024) AS free_Swap_Size,\
zenHealth.system_Load_Average,\
FUNCTION('ROUND',(zenHealth.total_Swap_Size/1024)/1024) AS total_Swap_Size,\
zenHealth.available_Processor,zenHealth.total_Thread,\
zenHealth.thread_Peak_Count,zenHealth.thread_Started_Count,zenHealth.thread_Daemon_Count,zenHealth.thread_Cpu_Time,\
zenHealth.thread_User_Time,zenHealth.cpu_Load,\
(zenHealth.used_Memory/zenHealth.total_Memory) * 100 AS used_Memory,\
(zenHealth.used_Swap_Size/1024)/1024  AS used_Swap_Size,\
(zenHealth.used_Physical_Memory /1024)/1024  AS used_Physical_Memory \
FROM ZenHealth AS zenHealth\
ORDER BY zenHealth.scheduled_DateTime DESC#appfire#2#appfire#{"where":[],"fields":[{"fieldName":"monitor_id","name":"monitor_id","initParentAlias":"zenHealth","alias":"zenHealth.monitor_id","displayName":"monitor_id","fieldType":"java.lang.String","dataType":"VARCHAR","xtype":"numberfield","fieldSize":"11","isPKey":true},{"fieldName":"scheduled_DateTime","name":"scheduled_DateTime","initParentAlias":"zenHealth","alias":"zenHealth.scheduled_DateTime","displayName":"scheduled_DateTime","fieldType":"java.sql.Timestamp","dataType":"DATETIME","xtype":"datefield","fieldSize":"","isPKey":false},{"fieldName":"server_Instance_Id","name":"server_Instance_Id","initParentAlias":"zenHealth","alias":"zenHealth.server_Instance_Id","displayName":"server_Instance_Id","fieldType":"java.lang.Integer","dataType":"INT","xtype":"numberfield","fieldSize":"32","isPKey":false},{"fieldName":"server_Ip_Address","name":"server_Ip_Address","initParentAlias":"zenHealth","alias":"zenHealth.server_Ip_Address","displayName":"server_Ip_Address","fieldType":"java.lang.String","dataType":"VARCHAR","xtype":"textfield","fieldSize":"3","isPKey":false},{"fieldName":"total_Class","name":"total_Class","initParentAlias":"zenHealth","alias":"zenHealth.total_Class","displayName":"total_Class","fieldType":"java.lang.Integer","dataType":"INT","xtype":"textfield","fieldSize":"11","isPKey":false},{"fieldName":"class_Loaded","name":"class_Loaded","initParentAlias":"zenHealth","alias":"zenHealth.class_Loaded","displayName":"class_Loaded","fieldType":"java.lang.Integer","dataType":"INT","xtype":"textfield","fieldSize":"11","isPKey":false},{"fieldName":"class_Unloaded","name":"class_Unloaded","initParentAlias":"zenHealth","alias":"zenHealth.class_Unloaded","displayName":"class_Unloaded","fieldType":"java.lang.Integer","dataType":"INT","xtype":"combo","fieldSize":"11","isPKey":false},{"fieldName":"gc_Collection_Time","name":"gc_Collection_Time","initParentAlias":"zenHealth","alias":"zenHealth.gc_Collection_Time","displayName":"gc_Collection_Time","fieldType":"java.lang.Integer","dataType":"INT","xtype":"numberfield","fieldSize":"11","isPKey":false},{"fieldName":"gc_Memory_Name","name":"gc_Memory_Name","initParentAlias":"zenHealth","alias":"zenHealth.gc_Memory_Name","displayName":"gc_Memory_Name","fieldType":"java.lang.String","dataType":"VARCHAR","xtype":"textfield","fieldSize":"256","isPKey":false},{"fieldName":"non_Heap_Committed","name":"non_Heap_Committed","initParentAlias":"zenHealth","alias":"zenHealth.non_Heap_Committed","displayName":"non_Heap_Committed","fieldType":"java.lang.Double","dataType":"DOUBLE","xtype":"numberfield","fieldSize":"","isPKey":false},{"fieldName":"non_Heap_used","name":"non_Heap_used","initParentAlias":"zenHealth","alias":"zenHealth.non_Heap_used","displayName":"non_Heap_used","fieldType":"java.lang.Double","dataType":"DOUBLE","xtype":"numberfield","fieldSize":"","isPKey":false},{"fieldName":"heap_Committed","name":"heap_Committed","initParentAlias":"zenHealth","alias":"zenHealth.heap_Committed","displayName":"heap_Committed","fieldType":"java.lang.Double","dataType":"DOUBLE","xtype":"numberfield","fieldSize":"","isPKey":false},{"fieldName":"max_Memory","name":"max_Memory","initParentAlias":"zenHealth","alias":"zenHealth.max_Memory","displayName":"max_Memory","fieldType":"java.lang.Double","dataType":"DOUBLE","xtype":"numberfield","fieldSize":"","isPKey":false},{"fieldName":"free_Memory","name":"free_Memory","initParentAlias":"zenHealth","alias":"zenHealth.free_Memory","displayName":"free_Memory","fieldType":"java.lang.Double","dataType":"DOUBLE","xtype":"numberfield","fieldSize":"","isPKey":false},{"fieldName":"heap_Used","name":"heap_Used","initParentAlias":"zenHealth","alias":"zenHealth.heap_Used","displayName":"heap_Used","fieldType":"java.lang.Double","dataType":"DOUBLE","xtype":"numberfield","fieldSize":"","isPKey":false},{"fieldName":"total_Memory","name":"total_Memory","initParentAlias":"zenHealth","alias":"zenHealth.total_Memory","displayName":"total_Memory","fieldType":"java.lang.Double","dataType":"DOUBLE","xtype":"numberfield","fieldSize":"","isPKey":false},{"fieldName":"start_Time","name":"start_Time","initParentAlias":"zenHealth","alias":"zenHealth.start_Time","displayName":"start_Time","fieldType":"java.sql.Timestamp","dataType":"DATETIME","xtype":"datefield","fieldSize":"","isPKey":false},{"fieldName":"up_Time","name":"up_Time","initParentAlias":"zenHealth","alias":"zenHealth.up_Time","displayName":"up_Time","fieldType":"java.lang.Integer","dataType":"INT","xtype":"numberfield","fieldSize":"11","isPKey":false},{"fieldName":"cpu_Time","name":"cpu_Time","initParentAlias":"zenHealth","alias":"zenHealth.cpu_Time","displayName":"cpu_Time","fieldType":"java.lang.Double","dataType":"DOUBLE","xtype":"numberfield","fieldSize":"","isPKey":false},{"fieldName":"free_Physical_Size","name":"free_Physical_Size","initParentAlias":"zenHealth","alias":"zenHealth.free_Physical_Size","displayName":"free_Physical_Size","fieldType":"java.lang.Double","dataType":"DOUBLE","xtype":"numberfield","fieldSize":"","isPKey":false},{"fieldName":"total_Physical_Memory_Size","name":"total_Physical_Memory_Size","initParentAlias":"zenHealth","alias":"zenHealth.total_Physical_Memory_Size","displayName":"total_Physical_Memory_Size","fieldType":"java.lang.Double","dataType":"DOUBLE","xtype":"numberfield","fieldSize":"","isPKey":false},{"fieldName":"cpu_Load_Time","name":"cpu_Load_Time","initParentAlias":"zenHealth","alias":"zenHealth.cpu_Load_Time","displayName":"cpu_Load_Time","fieldType":"java.lang.Double","dataType":"DOUBLE","xtype":"numberfield","fieldSize":"","isPKey":false},{"fieldName":"free_Swap_Size","name":"free_Swap_Size","initParentAlias":"zenHealth","alias":"zenHealth.free_Swap_Size","displayName":"free_Swap_Size","fieldType":"java.lang.Double","dataType":"DOUBLE","xtype":"numberfield","fieldSize":"","isPKey":false},{"fieldName":"system_Load_Average","name":"system_Load_Average","initParentAlias":"zenHealth","alias":"zenHealth.system_Load_Average","displayName":"system_Load_Average","fieldType":"java.lang.Double","dataType":"DOUBLE","xtype":"numberfield","fieldSize":"","isPKey":false},{"fieldName":"total_Swap_Size","name":"total_Swap_Size","initParentAlias":"zenHealth","alias":"zenHealth.total_Swap_Size","displayName":"total_Swap_Size","fieldType":"java.lang.Double","dataType":"DOUBLE","xtype":"numberfield","fieldSize":"","isPKey":false},{"fieldName":"available_Processor","name":"available_Processor","initParentAlias":"zenHealth","alias":"zenHealth.available_Processor","displayName":"available_Processor","fieldType":"java.lang.Double","dataType":"DOUBLE","xtype":"numberfield","fieldSize":"","isPKey":false},{"fieldName":"total_Thread","name":"total_Thread","initParentAlias":"zenHealth","alias":"zenHealth.total_Thread","displayName":"total_Thread","fieldType":"java.lang.Double","dataType":"DOUBLE","xtype":"numberfield","fieldSize":"","isPKey":false},{"fieldName":"thread_Peak_Count","name":"thread_Peak_Count","initParentAlias":"zenHealth","alias":"zenHealth.thread_Peak_Count","displayName":"thread_Peak_Count","fieldType":"java.lang.Double","dataType":"DOUBLE","xtype":"numberfield","fieldSize":"","isPKey":false},{"fieldName":"thread_Started_Count","name":"thread_Started_Count","initParentAlias":"zenHealth","alias":"zenHealth.thread_Started_Count","displayName":"thread_Started_Count","fieldType":"java.lang.Double","dataType":"DOUBLE","xtype":"numberfield","fieldSize":"","isPKey":false},{"fieldName":"thread_Daemon_Count","name":"thread_Daemon_Count","initParentAlias":"zenHealth","alias":"zenHealth.thread_Daemon_Count","displayName":"thread_Daemon_Count","fieldType":"java.lang.Double","dataType":"DOUBLE","xtype":"numberfield","fieldSize":"","isPKey":false},{"fieldName":"thread_Cpu_Time","name":"thread_Cpu_Time","initParentAlias":"zenHealth","alias":"zenHealth.thread_Cpu_Time","displayName":"thread_Cpu_Time","fieldType":"java.lang.Double","dataType":"DOUBLE","xtype":"numberfield","fieldSize":"","isPKey":false},{"fieldName":"thread_User_Time","name":"thread_User_Time","initParentAlias":"zenHealth","alias":"zenHealth.thread_User_Time","displayName":"thread_User_Time","fieldType":"java.lang.String","dataType":"VARCHAR","xtype":"textfield","fieldSize":"256","isPKey":false},{"fieldName":"cpu_Load","name":"cpu_Load","initParentAlias":"zenHealth","alias":"zenHealth.cpu_Load","displayName":"cpu_Load","fieldType":"java.lang.Double","dataType":"DOUBLE","xtype":"numberfield","fieldSize":"","isPKey":false},{"fieldName":"used_Memory","name":"used_Memory","initParentAlias":"zenHealth","alias":"zenHealth.used_Memory","displayName":"used_Memory","fieldType":"java.lang.Double","dataType":"DOUBLE","xtype":"numberfield","fieldSize":"","isPKey":false},{"fieldName":"used_Swap_Size","name":"used_Swap_Size","initParentAlias":"zenHealth","alias":"zenHealth.used_Swap_Size","displayName":"used_Swap_Size","fieldType":"java.lang.Double","dataType":"DOUBLE","xtype":"numberfield","fieldSize":"","isPKey":false},{"fieldName":"used_Physical_Memory","name":"used_Physical_Memory","initParentAlias":"zenHealth","alias":"zenHealth.used_Physical_Memory","displayName":"used_Physical_Memory","fieldType":"java.lang.Double","dataType":"DOUBLE","xtype":"numberfield","fieldSize":"","isPKey":false}],"inputParams":[]}#appfire#App Server Memory Usage#appfire#APP SERVER MEMORY USAGE#appfire#ba9dced8-453e-49a3-b627-d497a1f91b17#appfire#XSWSVD9NMWSNLKYOUS6JXA#appfire#1#appfire#0#appfire#2015-11-19 22:26:03#appfire#0#appfire#2015-11-19 22:26:03#appfire#0#appfire#1#appfire#\N
D8A03D99-5579-4E48-84F1-C34FAA429A37#appfire#SELECT registerACamp.orgName,registerACamp.rsnForCamp,registerACamp.bloodBankName,registerACamp.fromDate,registerACamp.campTime,registerACamp.expectedCnt,registerACamp.arrivedCnt,registerACamp.bledCnt,registerACamp.toDate,registerACamp.versionId,city.cityName FROM RegisterACamp AS registerACamp,City AS city \
 WHERE \
  registerACamp.address.cityId = city.cityId \
 AND registerACamp.address.countryId = city.countryId \
 AND registerACamp.address.stateId = city.stateId \
 AND registerACamp.fromDate = :fromDate \
 \
 \
 #appfire#2#appfire#{"where":[{"_connIndex":"707dam4n-8a00-47d3-142m-3nnam2cn4dbd","_parentIndex":"isWhereRoot","left":{"name":"cityId","value":"registerACamp.address.cityId","valueType":1,"dataType":"VARCHAR","displayName":"City","widget":"combo","alias":"Address","placeHolder":"cityId","fieldType":"isReference","entConfig":{"name":"Address","id":"2F1DB88E-9F02-49F4-9F25-05B69A687849","type":"T","alias":"registerACamp.address","initParentAlias":"registerACamp","relationType":"11","isEntity":true},"fieldConfig":{"fieldName":"cityId","name":"cityId","initParentAlias":"registerACamp","alias":"registerACamp.address.cityId","displayName":"City","fieldType":"java.lang.String","dataType":"VARCHAR","xtype":"combo","fieldSize":"64","isPKey":false}},"operator":"=","right":{"name":"cityId","value":"city.cityId","valueType":1,"dataType":"VARCHAR","displayName":"City Id","widget":"textfield","alias":"City","placeHolder":"cityId","fieldType":"isReference","entConfig":{"name":"City","id":"A4665020-2607-4249-B13D-1BDE28293048","type":"M","alias":"city","initParentAlias":"city"},"fieldConfig":{"fieldName":"cityId","name":"cityId","initParentAlias":"city","alias":"city.cityId","displayName":"City Id","fieldType":"java.lang.String","dataType":"VARCHAR","xtype":"textfield","fieldSize":"64","isPKey":true}}},{"relation":"AND"},{"_connIndex":"bmm03564-ac1m-4a08-11b8-899b9d2b4a48","_parentIndex":"isWhereRoot","left":{"name":"countryId","value":"registerACamp.address.countryId","valueType":1,"dataType":"VARCHAR","displayName":"Country","widget":"combo","alias":"Address","placeHolder":"countryId","fieldType":"isReference","entConfig":{"name":"Address","id":"2F1DB88E-9F02-49F4-9F25-05B69A687849","type":"T","alias":"registerACamp.address","initParentAlias":"registerACamp","relationType":"11","isEntity":true},"fieldConfig":{"fieldName":"countryId","name":"countryId","initParentAlias":"registerACamp","alias":"registerACamp.address.countryId","displayName":"Country","fieldType":"java.lang.String","dataType":"VARCHAR","xtype":"combo","fieldSize":"64","isPKey":false}},"operator":"=","right":{"name":"countryId","value":"city.countryId","valueType":1,"dataType":"VARCHAR","displayName":"Country","widget":"combo","alias":"City","placeHolder":"countryId","fieldType":"isReference","entConfig":{"name":"City","id":"A4665020-2607-4249-B13D-1BDE28293048","type":"M","alias":"city","initParentAlias":"city"},"fieldConfig":{"fieldName":"countryId","name":"countryId","initParentAlias":"city","alias":"city.countryId","displayName":"Country","fieldType":"java.lang.String","dataType":"VARCHAR","xtype":"combo","fieldSize":"64","isPKey":false}}},{"relation":"AND"},{"_connIndex":"8mm29ba1-bbm6-4348-a48b-5m0ccc8m6190","_parentIndex":"isWhereRoot","left":{"name":"stateId","value":"registerACamp.address.stateId","valueType":1,"dataType":"VARCHAR","displayName":"State","widget":"combo","alias":"Address","placeHolder":"stateId","fieldType":"isReference","entConfig":{"name":"Address","id":"2F1DB88E-9F02-49F4-9F25-05B69A687849","type":"T","alias":"registerACamp.address","initParentAlias":"registerACamp","relationType":"11","isEntity":true},"fieldConfig":{"fieldName":"stateId","name":"stateId","initParentAlias":"registerACamp","alias":"registerACamp.address.stateId","displayName":"State","fieldType":"java.lang.String","dataType":"VARCHAR","xtype":"combo","fieldSize":"64","isPKey":false}},"operator":"=","right":{"name":"stateId","value":"city.stateId","valueType":1,"dataType":"VARCHAR","displayName":"State","widget":"combo","alias":"City","placeHolder":"stateId","fieldType":"isReference","entConfig":{"name":"City","id":"A4665020-2607-4249-B13D-1BDE28293048","type":"M","alias":"city","initParentAlias":"city"},"fieldConfig":{"fieldName":"stateId","name":"stateId","initParentAlias":"city","alias":"city.stateId","displayName":"State","fieldType":"java.lang.String","dataType":"VARCHAR","xtype":"combo","fieldSize":"64","isPKey":false}}},{"relation":"AND"},{"_connIndex":"137255ac-228c-4m0d-153b-a393a4283b71","_parentIndex":"isWhereRoot","left":{"name":"fromDate","value":"registerACamp.fromDate","valueType":1,"dataType":"DATE","displayName":"From Date","widget":"datefield","alias":"RegisterACamp","placeHolder":"fromDate","fieldType":"isReference","entConfig":{"name":"RegisterACamp","id":"DDEBD7FB-07FC-4670-81F6-4B009B298AA8","type":"T","alias":"registerACamp","initParentAlias":"registerACamp"},"fieldConfig":{"fieldName":"fromDate","name":"fromDate","initParentAlias":"registerACamp","alias":"registerACamp.fromDate","displayName":"From Date","fieldType":"java.sql.Date","dataType":"DATE","xtype":"datefield","fieldSize":"","isPKey":false}},"operator":"=","right":{"name":"fromDate","value":":fromDate","valueType":2,"dataType":"DATE","displayName":"From Date","widget":"datefield","alias":"RegisterACamp","placeHolder":"fromDate","fieldType":"isDynamic","entConfig":{"name":"RegisterACamp","id":"DDEBD7FB-07FC-4670-81F6-4B009B298AA8","type":"T","alias":"registerACamp","initParentAlias":"registerACamp"},"fieldConfig":{"fieldName":"fromDate","name":"fromDate","initParentAlias":"registerACamp","alias":"registerACamp.fromDate","displayName":"From Date","fieldType":"java.sql.Date","dataType":"DATE","xtype":"datefield","fieldSize":"","isPKey":false}}}],"fields":[{"fieldName":"orgName","name":"orgName","initParentAlias":"registerACamp","alias":"registerACamp.orgName","displayName":"Organization Name","fieldType":"java.lang.String","dataType":"VARCHAR","xtype":"textfield","fieldSize":"256","isPKey":false},{"fieldName":"rsnForCamp","name":"rsnForCamp","initParentAlias":"registerACamp","alias":"registerACamp.rsnForCamp","displayName":"Reason For Camp","fieldType":"java.lang.String","dataType":"VARCHAR","xtype":"textfield","fieldSize":"256","isPKey":false},{"fieldName":"bloodBankName","name":"bloodBankName","initParentAlias":"registerACamp","alias":"registerACamp.bloodBankName","displayName":"Blood Bank Name","fieldType":"java.lang.String","dataType":"VARCHAR","xtype":"textfield","fieldSize":"256","isPKey":false},{"fieldName":"fromDate","name":"fromDate","initParentAlias":"registerACamp","alias":"registerACamp.fromDate","displayName":"From Date","fieldType":"java.sql.Date","dataType":"DATE","xtype":"datefield","fieldSize":"","isPKey":false},{"fieldName":"campTime","name":"campTime","initParentAlias":"registerACamp","alias":"registerACamp.campTime","displayName":"Camp Time","fieldType":"java.lang.String","dataType":"VARCHAR","xtype":"textfield","fieldSize":"256","isPKey":false},{"fieldName":"expectedCnt","name":"expectedCnt","initParentAlias":"registerACamp","alias":"registerACamp.expectedCnt","displayName":"No Of Donors Expected","fieldType":"java.lang.Integer","dataType":"INT","xtype":"numberfield","fieldSize":"10","isPKey":false},{"fieldName":"arrivedCnt","name":"arrivedCnt","initParentAlias":"registerACamp","alias":"registerACamp.arrivedCnt","displayName":"No of Donors that arrived","fieldType":"java.lang.Integer","dataType":"INT","xtype":"numberfield","fieldSize":"10","isPKey":false},{"fieldName":"bledCnt","name":"bledCnt","initParentAlias":"registerACamp","alias":"registerACamp.bledCnt","displayName":"No of Donors that Bled","fieldType":"java.lang.Integer","dataType":"INT","xtype":"numberfield","fieldSize":"10","isPKey":false},{"fieldName":"toDate","name":"toDate","initParentAlias":"registerACamp","alias":"registerACamp.toDate","displayName":"To Date","fieldType":"java.sql.Date","dataType":"DATE","xtype":"datefield","fieldSize":"","isPKey":false},{"fieldName":"versionId","name":"versionId","initParentAlias":"registerACamp","alias":"registerACamp.versionId","displayName":"versionId","fieldType":"java.lang.Integer","dataType":"INT","xtype":"numberfield","fieldSize":"11","isPKey":false},{"fieldName":"cityName","name":"cityName","initParentAlias":"city","alias":"city.cityName","displayName":"City Name","fieldType":"java.lang.String","dataType":"VARCHAR","xtype":"textfield","fieldSize":"256","isPKey":false}],"inputParams":[{"dataType":"DATE","placeHolder":"fromDate","alias":"registerACamp.fromDate","fieldType":"java.sql.Date"}],"joinCondition":[]}#appfire#ListOfCamps#appfire#LISTOFCAMPS#appfire#ba9dced8-453e-49a3-b627-d497a1f91b17#appfire#XSWSVD9NMWSNLKYOUS6JXA#appfire#1#appfire#0#appfire#2015-11-19 22:26:03#appfire#0#appfire#2015-11-19 22:26:03#appfire#0#appfire#1#appfire#\N
E18E746F-DEB3-4322-BE6C-0C3B183D5E35#appfire#SELECT u FROM Login u WHERE u.systemInfo.activeStatus=1 AND u.user.userId IN (SELECT ub.userId FROM UserRoleBridge ub)#appfire#1#appfire#\N#appfire#findMappedUser#appfire#FINDMAPPEDUSER#appfire#ba9dced8-453e-49a3-b627-d497a1f91b17#appfire#XSWSVD9NMWSNLKYOUS6JXA#appfire#1#appfire#0#appfire#2015-11-19 22:26:03#appfire#0#appfire#2015-11-19 22:26:03#appfire#0#appfire#1#appfire#\N
F62BC386-B958-4719-97E9-C952B4C78366#appfire#SELECT registerADonor.bloodGroup FROM RegisterADonor AS registerADonor,DonorVisit AS donorVisit,BloodInfo AS bloodInfo \
 WHERE \
  registerADonor.donorId = donorVisit.donorId \
 AND donorVisit.visitId = bloodInfo.visitId \
 \
 \
 #appfire#2#appfire#{"where":[{"_connIndex":"na86810a-a01b-495b-1108-63387mn99097","_parentIndex":"isWhereRoot","left":{"name":"donorId","value":"registerADonor.donorId","valueType":1,"dataType":"VARCHAR","displayName":"donorId","widget":"textfield","alias":"RegisterADonor","placeHolder":"donorId","fieldType":"isReference","entConfig":{"name":"RegisterADonor","id":"700C38DA-482F-452B-A28B-2D2DDC2C1FE7","type":"T","alias":"registerADonor","initParentAlias":"registerADonor"},"fieldConfig":{"fieldName":"donorId","name":"donorId","initParentAlias":"registerADonor","alias":"registerADonor.donorId","displayName":"donorId","fieldType":"java.lang.String","dataType":"VARCHAR","xtype":"textfield","fieldSize":"256","isPKey":true}},"operator":"=","right":{"name":"donorId","value":"donorVisit.donorId","valueType":1,"dataType":"VARCHAR","displayName":"donorId","widget":"combo","alias":"DonorVisit","placeHolder":"donorId","fieldType":"isReference","entConfig":{"name":"DonorVisit","id":"03A48A46-A8BC-478D-837D-F9EE7DA05186","type":"T","alias":"donorVisit","initParentAlias":"donorVisit"},"fieldConfig":{"fieldName":"donorId","name":"donorId","initParentAlias":"donorVisit","alias":"donorVisit.donorId","displayName":"donorId","fieldType":"java.lang.String","dataType":"VARCHAR","xtype":"combo","fieldSize":"256","isPKey":false}}},{"relation":"AND"},{"_connIndex":"827n023d-0105-4m91-a9n6-095000m8md29","_parentIndex":"isWhereRoot","left":{"name":"visitId","value":"donorVisit.visitId","valueType":1,"dataType":"VARCHAR","displayName":"visitId","widget":"textfield","alias":"DonorVisit","placeHolder":"visitId","fieldType":"isReference","entConfig":{"name":"DonorVisit","id":"03A48A46-A8BC-478D-837D-F9EE7DA05186","type":"T","alias":"donorVisit","initParentAlias":"donorVisit"},"fieldConfig":{"fieldName":"visitId","name":"visitId","initParentAlias":"donorVisit","alias":"donorVisit.visitId","displayName":"visitId","fieldType":"java.lang.String","dataType":"VARCHAR","xtype":"textfield","fieldSize":"256","isPKey":true}},"operator":"=","right":{"name":"visitId","value":"bloodInfo.visitId","valueType":1,"dataType":"VARCHAR","displayName":"Donor Visit","widget":"combo","alias":"BloodInfo","placeHolder":"visitId","fieldType":"isReference","entConfig":{"name":"BloodInfo","id":"E3277C77-EACA-42AC-8323-3796566E798E","type":"T","alias":"bloodInfo","initParentAlias":"bloodInfo"},"fieldConfig":{"fieldName":"visitId","name":"visitId","initParentAlias":"bloodInfo","alias":"bloodInfo.visitId","displayName":"Donor Visit","fieldType":"java.lang.String","dataType":"VARCHAR","xtype":"combo","fieldSize":"256","isPKey":false}}}],"fields":[{"fieldName":"bloodGroup","name":"bloodGroup","initParentAlias":"registerADonor","alias":"registerADonor.bloodGroup","displayName":"Blood Group","fieldType":"java.lang.String","dataType":"VARCHAR","xtype":"combo","fieldSize":"256","isPKey":false}],"inputParams":[],"joinCondition":[]}#appfire#FetchBloodGroup#appfire#FETCHBLOODGROUP#appfire#ba9dced8-453e-49a3-b627-d497a1f91b17#appfire#XSWSVD9NMWSNLKYOUS6JXA#appfire#1#appfire#0#appfire#2015-11-19 22:26:03#appfire#0#appfire#2015-11-19 22:26:03#appfire#0#appfire#1#appfire#\N
FA87F1B0-088C-408C-AFC5-2ABC20EC395D#appfire#SELECT bloodInfo.collectedDate,bloodInfo.expDate,bloodInfo.isTested,bloodInfo.noOfUnits,bloodInfo.bInfoId,bloodGroup.bloodGrp,donorVisit.donationType,registerADonor.dName FROM BloodInfo AS bloodInfo,BloodGroup AS bloodGroup,DonorVisit AS donorVisit,RegisterADonor AS registerADonor \
 WHERE \
  donorVisit.visitId = bloodInfo.visitId \
 AND registerADonor.donorId = donorVisit.donorId \
 AND registerADonor.bloodGroup = bloodGroup.bloodGrpId \
 \
 \
 #appfire#2#appfire#{"where":[{},{"_connIndex":"b35d0d1a-82d1-4334-1531-nbac1m9adc97","_parentIndex":"isWhereRoot","left":{"name":"visitId","value":"donorVisit.visitId","valueType":1,"dataType":"VARCHAR","displayName":"visitId","widget":"textfield","alias":"DonorVisit","placeHolder":"visitId","fieldType":"isReference","entConfig":{"name":"DonorVisit","id":"03A48A46-A8BC-478D-837D-F9EE7DA05186","type":"T","alias":"donorVisit","initParentAlias":"donorVisit"},"fieldConfig":{"fieldName":"visitId","name":"visitId","initParentAlias":"donorVisit","alias":"donorVisit.visitId","displayName":"visitId","fieldType":"java.lang.String","dataType":"VARCHAR","xtype":"textfield","fieldSize":"256","isPKey":true}},"operator":"=","right":{"name":"visitId","value":"bloodInfo.visitId","valueType":1,"dataType":"VARCHAR","displayName":"Donor Visit","widget":"combo","alias":"BloodInfo","placeHolder":"visitId","fieldType":"isReference","entConfig":{"name":"BloodInfo","id":"E3277C77-EACA-42AC-8323-3796566E798E","type":"T","alias":"bloodInfo","initParentAlias":"bloodInfo"},"fieldConfig":{"fieldName":"visitId","name":"visitId","initParentAlias":"bloodInfo","alias":"bloodInfo.visitId","displayName":"Donor Visit","fieldType":"java.lang.String","dataType":"VARCHAR","xtype":"combo","fieldSize":"256","isPKey":false}}},{"relation":"AND"},{"_connIndex":"c252286a-43a5-41m9-11a8-5063ac0m2n6c","_parentIndex":"isWhereRoot","left":{"name":"donorId","value":"registerADonor.donorId","valueType":1,"dataType":"VARCHAR","displayName":"donorId","widget":"textfield","alias":"RegisterADonor","placeHolder":"donorId","fieldType":"isReference","entConfig":{"name":"RegisterADonor","id":"700C38DA-482F-452B-A28B-2D2DDC2C1FE7","type":"T","alias":"registerADonor","initParentAlias":"registerADonor"},"fieldConfig":{"fieldName":"donorId","name":"donorId","initParentAlias":"registerADonor","alias":"registerADonor.donorId","displayName":"donorId","fieldType":"java.lang.String","dataType":"VARCHAR","xtype":"textfield","fieldSize":"256","isPKey":true}},"operator":"=","right":{"name":"donorId","value":"donorVisit.donorId","valueType":1,"dataType":"VARCHAR","displayName":"donorId","widget":"combo","alias":"DonorVisit","placeHolder":"donorId","fieldType":"isReference","entConfig":{"name":"DonorVisit","id":"03A48A46-A8BC-478D-837D-F9EE7DA05186","type":"T","alias":"donorVisit","initParentAlias":"donorVisit"},"fieldConfig":{"fieldName":"donorId","name":"donorId","initParentAlias":"donorVisit","alias":"donorVisit.donorId","displayName":"donorId","fieldType":"java.lang.String","dataType":"VARCHAR","xtype":"combo","fieldSize":"256","isPKey":false}}},{"relation":"AND"},{"_connIndex":"cba7b2n4-6451-49bc-1m37-9ab988ndnda3","_parentIndex":"isWhereRoot","left":{"name":"bloodGroup","value":"registerADonor.bloodGroup","valueType":1,"dataType":"VARCHAR","displayName":"Blood Group","widget":"combo","alias":"RegisterADonor","placeHolder":"bloodGroup","fieldType":"isReference","entConfig":{"name":"RegisterADonor","id":"700C38DA-482F-452B-A28B-2D2DDC2C1FE7","type":"T","alias":"registerADonor","initParentAlias":"registerADonor"},"fieldConfig":{"fieldName":"bloodGroup","name":"bloodGroup","initParentAlias":"registerADonor","alias":"registerADonor.bloodGroup","displayName":"Blood Group","fieldType":"java.lang.String","dataType":"VARCHAR","xtype":"combo","fieldSize":"256","isPKey":false}},"operator":"=","right":{"name":"bloodGrpId","value":"bloodGroup.bloodGrpId","valueType":1,"dataType":"VARCHAR","displayName":"bloodGrpId","widget":"textfield","alias":"BloodGroup","placeHolder":"bloodGrpId","fieldType":"isReference","entConfig":{"name":"BloodGroup","id":"2B9AAC20-96B4-4FA1-82B4-EE6E95B4E7DA","type":"M","alias":"bloodGroup","initParentAlias":"bloodGroup"},"fieldConfig":{"fieldName":"bloodGrpId","name":"bloodGrpId","initParentAlias":"bloodGroup","alias":"bloodGroup.bloodGrpId","displayName":"bloodGrpId","fieldType":"java.lang.String","dataType":"VARCHAR","xtype":"textfield","fieldSize":"256","isPKey":true}}}],"fields":[{"fieldName":"collectedDate","name":"collectedDate","initParentAlias":"bloodInfo","alias":"bloodInfo.collectedDate","displayName":"Collected Date","fieldType":"java.sql.Date","dataType":"DATE","xtype":"datefield","fieldSize":"","isPKey":false},{"fieldName":"expDate","name":"expDate","initParentAlias":"bloodInfo","alias":"bloodInfo.expDate","displayName":"Expiry Date ","fieldType":"java.sql.Date","dataType":"DATE","xtype":"datefield","fieldSize":"","isPKey":false},{"fieldName":"isTested","name":"isTested","initParentAlias":"bloodInfo","alias":"bloodInfo.isTested","displayName":"Is Tested","fieldType":"java.lang.Boolean","dataType":"TINYINT","xtype":"checkbox","fieldSize":"1","isPKey":false},{"fieldName":"noOfUnits","name":"noOfUnits","initParentAlias":"bloodInfo","alias":"bloodInfo.noOfUnits","displayName":"No Of Units","fieldType":"java.lang.Integer","dataType":"INT","xtype":"numberfield","fieldSize":"10","isPKey":false},{"fieldName":"bInfoId","name":"bInfoId","initParentAlias":"bloodInfo","alias":"bloodInfo.bInfoId","displayName":"Blood Info Id","fieldType":"java.lang.String","dataType":"VARCHAR","xtype":"textfield","fieldSize":"256","isPKey":true},{"fieldName":"bloodGrp","name":"bloodGrp","initParentAlias":"bloodGroup","alias":"bloodGroup.bloodGrp","displayName":"Blood Group","fieldType":"java.lang.String","dataType":"VARCHAR","xtype":"textfield","fieldSize":"256","isPKey":false},{"fieldName":"donationType","name":"donationType","initParentAlias":"donorVisit","alias":"donorVisit.donationType","displayName":"Donation Type","fieldType":"java.lang.String","dataType":"VARCHAR","xtype":"combo","fieldSize":"256","isPKey":false},{"fieldName":"dName","name":"dName","initParentAlias":"registerADonor","alias":"registerADonor.dName","displayName":"Donor Name","fieldType":"java.lang.String","dataType":"VARCHAR","xtype":"textfield","fieldSize":"256","isPKey":false}],"inputParams":[],"joinCondition":[]}#appfire#BloodInfoAndTest#appfire#BLOODINFOANDTEST#appfire#\N#appfire#XSWSVD9NMWSNLKYOUS6JXA#appfire#1#appfire#0#appfire#2015-11-19 22:26:03#appfire#0#appfire#2015-11-19 22:26:03#appfire#0#appfire#1#appfire#\N
